,PNL,Max_Drawdown,slow_ma_period,fast_ma_period,atr_period,takeprofit,stoploss,bt_pnl,bt_dd
649,7558.52,302.76,883,2,286,3.35,2.0,4913.5441240656055,196.9066577280637
1066,6546.77,230.96,967,1,126,3.45,2.0,4846.203046196813,171.00180572229783
604,6499.38,229.36,967,1,126,3.44,2.0,4825.453271228083,170.32290719833327
1125,5544.47,195.6,877,17,126,3.45,2.0,4767.642025769431,168.22972287219727
1188,5639.38,198.95,877,16,126,3.45,2.0,4765.954497002056,168.17017719000432
341,6908.74,243.96,982,4,128,3.46,2.0,4760.00092224303,168.11735418793978
667,10913.38,590.2,914,2,184,5.83,2.0,4753.4743794008355,322.26678088637004
407,10299.74,557.01,911,5,184,5.83,2.0,4753.4743794008355,322.26678088637004
1012,6867.92,242.51,987,1,128,3.46,2.0,4753.098194335358,167.87355836279585
256,6831.07,241.21,967,1,128,3.46,2.0,4749.3118223690135,167.73982838094253
1183,10341.41,559.03,904,8,185,5.83,2.0,4747.198613123775,321.6210871048547
129,10598.66,573.42,904,8,183,5.83,2.0,4746.216271097072,321.9967251609801
1051,6678.4,235.82,924,1,128,3.46,2.0,4742.591441769244,167.5024728375247
1084,10916.1,590.35,918,1,184,5.83,2.0,4741.150679733116,321.43105572140075
311,11012.08,595.54,918,2,184,5.83,2.0,4737.362574153648,321.17418609149763
86,10916.37,590.61,919,1,183,5.83,2.0,4736.412583045876,321.3314801381978
910,10633.1,574.8,919,2,185,5.83,2.0,4735.587372800827,320.8342491127628
715,10805.62,584.13,920,2,185,5.83,2.0,4734.363816553304,320.75130357631656
712,10906.08,589.56,921,2,185,5.83,2.0,4729.680609116724,320.4339442667531
294,10325.29,558.16,922,1,185,5.83,2.0,4729.680609116724,320.4339442667531
377,11177.87,604.5,921,2,184,5.83,2.0,4728.622263841188,320.58148112700746
183,10549.36,570.51,918,5,184,5.83,2.0,4728.622263841188,320.58148112700746
876,6327.91,223.24,984,11,126,3.45,2.0,4728.344411062742,166.84307790264847
1229,6053.25,213.55,972,24,126,3.45,2.0,4727.627347805645,166.8177758031252
126,10323.73,558.08,924,1,185,5.83,2.0,4726.665291738502,320.22961788305156
159,10904.02,589.45,923,2,185,5.83,2.0,4726.665291738502,320.22961788305156
942,10655.81,576.27,919,5,184,5.83,2.0,4726.164412465718,320.41481378819276
585,10625.76,574.4,925,1,185,5.83,2.0,4725.39172802242,320.14332181541954
711,10338.92,558.9,918,8,185,5.83,2.0,4725.39172802242,320.14332181541954
1002,10479.04,566.47,923,1,185,5.83,2.0,4725.195289457348,320.1300290278002
1155,10702.4,578.55,922,2,185,5.83,2.0,4725.195289457348,320.1300290278002
1000,10655.6,576.26,921,5,184,5.83,2.0,4724.596065708005,320.308471362197
55,11283.04,610.19,923,3,184,5.83,2.0,4724.596065708005,320.308471362197
342,10985.3,594.09,918,8,184,5.83,2.0,4724.596065708005,320.308471362197
663,11082.9,599.37,923,2,184,5.83,2.0,4723.668824285704,320.24562016662526
54,10851.57,586.86,924,1,184,5.83,2.0,4723.668824285704,320.24562016662526
204,10839.64,586.72,923,2,182,5.83,2.0,4723.582000253365,320.68407728832676
889,6161.09,217.35,982,9,126,3.45,2.0,4722.8109336695325,166.64782512080274
501,6215.95,219.29,967,9,126,3.45,2.0,4721.305387523269,166.59470082799817
576,6082.5,214.58,982,8,126,3.45,2.0,4720.46419716513,166.5650188132695
1164,6104.98,215.37,981,9,126,3.45,2.0,4720.46419716513,166.5650188132695
98,10409.31,562.7,919,8,185,5.83,2.0,4720.342701693626,319.80117338043306
176,10609.03,573.5,926,1,185,5.83,2.0,4720.342701693626,319.80117338043306
895,10698.1,578.31,925,2,185,5.83,2.0,4720.342701693626,319.80117338043306
951,5996.47,211.55,967,22,126,3.45,2.0,4719.353862200578,166.5258398349879
381,10807.55,584.23,926,2,185,5.83,2.0,4718.083384209733,319.6480702688748
597,10800.55,583.85,925,3,185,5.83,2.0,4718.083384209733,319.6480702688748
900,10200.48,551.41,923,5,185,5.83,2.0,4718.083384209733,319.6480702688748
319,11068.68,598.6,925,3,184,5.83,2.0,4716.974448196993,319.7916481386685
164,11182.9,604.78,926,3,184,5.83,2.0,4713.497714453677,319.5558863416518
120,10887.8,588.82,921,8,184,5.83,2.0,4713.497714453677,319.5558863416518
102,10561.03,571.15,924,5,184,5.83,2.0,4713.497714453677,319.5558863416518
355,10710.49,578.98,921,8,185,5.83,2.0,4711.280436518521,319.1871172857793
1111,6103.33,215.32,958,13,126,3.45,2.0,4708.422201547898,166.14010822338696
688,11007.82,595.06,928,2,185,5.83,2.0,4708.104065103097,318.9718140695777
766,6770.3,239.07,984,11,128,3.46,2.0,4706.810500688172,166.23873418638414
301,11398.22,616.42,928,2,184,5.83,2.0,4703.001097918864,318.84415839371104
82,10757.32,581.76,925,5,184,5.83,2.0,4703.001097918864,318.84415839371104
325,6822.82,240.92,975,3,128,3.46,2.0,4702.764534539978,166.0958356586143
142,7090.36,250.37,997,2,128,3.46,2.0,4702.325144681649,166.08031695144564
430,6153.16,217.07,923,5,126,3.45,2.0,4702.289235454472,165.92370204592953
490,7025.64,248.08,997,3,128,3.46,2.0,4700.292731904515,166.00853464209376
804,6903.93,243.79,987,3,128,3.46,2.0,4700.289561381525,166.00842266313794
222,6013.26,212.14,919,10,126,3.45,2.0,4700.205827259113,165.85018746965943
1244,6551.15,231.11,979,1,126,3.45,2.0,4697.687932610324,165.7613417222865
558,10634.83,574.89,919,1,185,5.83,2.0,4697.1675340991505,318.2313504689896
152,10504.24,567.83,928,3,185,5.83,2.0,4694.683200505929,318.0623353452447
602,10227.31,552.86,923,8,185,5.83,2.0,4694.683200505929,318.0623353452447
47,10511.05,568.2,930,1,185,5.83,2.0,4694.683200505929,318.0623353452447
642,11390.44,616.0,928,3,184,5.83,2.0,4693.787105357008,318.21927669410275
479,6625.48,233.74,990,4,126,3.45,2.0,4689.464296630271,165.47116473449114
519,11002.19,594.75,930,3,185,5.83,2.0,4685.900237121809,317.46712653607506
833,11009.32,595.14,931,2,185,5.83,2.0,4685.900237121809,317.46712653607506
617,10390.91,561.71,928,5,185,5.83,2.0,4685.900237121809,317.46712653607506
368,11388.3,615.88,931,3,184,5.83,2.0,4685.621449749704,317.6655332818666
587,11087.78,599.63,926,8,184,5.83,2.0,4685.621449749704,317.6655332818666
140,10209.83,552.15,925,9,184,5.83,2.0,4685.621449749704,317.6655332818666
1037,10755.0,581.64,928,6,184,5.83,2.0,4685.621449749704,317.6655332818666
524,10621.09,574.15,930,2,185,5.83,2.0,4685.6101472885985,317.44753165223847
197,10334.38,558.65,924,8,185,5.83,2.0,4685.6101472885985,317.44753165223847
792,6409.99,226.13,924,1,126,3.45,2.0,4684.9267893292,165.31105548306914
1095,10882.64,588.54,930,2,184,5.83,2.0,4684.513403675161,317.5904541555658
147,10588.53,572.63,924,8,184,5.83,2.0,4684.513403675161,317.5904541555658
69,10882.64,588.54,931,1,184,5.83,2.0,4684.513403675161,317.5904541555658
83,11318.05,611.83,936,2,185,5.83,2.0,4682.161357508307,317.2137363660747
137,11019.67,595.7,930,8,185,5.83,2.0,4682.161357508307,317.2137363660747
1157,10689.23,577.84,933,5,185,5.83,2.0,4682.161357508307,317.2137363660747
421,10991.67,594.43,930,3,184,5.83,2.0,4680.988045580146,317.35139404317965
1087,11052.33,598.23,930,2,182,5.83,2.0,4680.9223555115805,317.7873838181324
25,11406.15,616.85,931,8,184,5.83,2.0,4680.028204351519,317.28622484564175
1,11715.29,633.57,936,3,184,5.83,2.0,4680.028204351519,317.28622484564175
458,10381.93,561.22,934,6,185,5.83,2.0,4679.035088500298,317.00187931396204
985,10999.81,594.62,939,1,185,5.83,2.0,4679.035088500298,317.00187931396204
850,10702.87,578.57,932,8,185,5.83,2.0,4679.035088500298,317.00187931396204
384,11053.96,598.32,931,2,182,5.83,2.0,4678.993992223273,317.6564169578314
151,11306.56,611.21,936,3,185,5.83,2.0,4677.496549236806,316.89768102816106
409,10678.38,577.25,933,6,185,5.83,2.0,4677.496549236806,316.89768102816106
247,10678.38,577.25,934,5,185,5.83,2.0,4677.496549236806,316.89768102816106
72,10947.11,592.02,933,5,184,5.83,2.0,4677.331075200569,317.103387464276
8,11591.72,626.89,936,2,184,5.83,2.0,4677.331075200569,317.103387464276
153,10490.35,567.56,931,9,183,5.83,2.0,4676.936380419259,317.2955399897073
552,11393.29,616.42,932,8,183,5.83,2.0,4676.936380419259,317.2955399897073
952,11051.04,597.9,934,6,183,5.83,2.0,4676.936380419259,317.2955399897073
306,10573.6,571.58,931,6,185,5.83,2.0,4676.244597440551,316.8128387107504
959,10573.6,571.58,932,5,185,5.83,2.0,4676.244597440551,316.8128387107504
32,11195.62,605.21,934,3,185,5.83,2.0,4676.244597440551,316.8128387107504
722,10692.19,578.0,928,8,185,5.83,2.0,4675.854863051318,316.78643390374305
694,10981.7,593.65,934,2,185,5.83,2.0,4675.854863051318,316.78643390374305
85,10941.79,591.99,934,5,183,5.83,2.0,4675.164979746696,317.1753970931102
683,10737.66,580.7,931,6,184,5.83,2.0,4674.778048897059,316.9302646942672
1196,11369.94,614.89,934,3,184,5.83,2.0,4674.778048897059,316.9302646942672
198,11045.57,597.35,934,6,184,5.83,2.0,4674.368916238952,316.9025138825457
225,10485.67,567.07,931,9,184,5.83,2.0,4674.368916238952,316.9025138825457
134,11703.65,632.94,939,1,184,5.83,2.0,4674.368916238952,316.9025138825457
326,11380.86,615.48,939,2,184,5.83,2.0,4673.161530840534,316.8205802653654
812,11080.54,599.24,933,8,184,5.83,2.0,4673.161530840534,316.8205802653654
853,10747.98,581.26,936,5,184,5.83,2.0,4673.161530840534,316.8205802653654
423,5787.78,204.18,967,8,126,3.45,2.0,4673.009598408411,164.89054871784174
22,11243.39,608.57,939,1,182,5.83,2.0,4671.940311899075,317.17742439001154
200,11348.52,614.26,939,2,182,5.83,2.0,4671.073188644653,317.11848477820035
318,11068.39,598.33,942,3,185,5.83,2.0,4670.807217361093,316.4443263650462
640,10453.44,565.09,939,6,185,5.83,2.0,4670.807217361093,316.4443263650462
148,11366.42,614.7,942,3,184,5.83,2.0,4669.6239392973475,316.58071110202513
930,10734.34,580.52,939,6,184,5.83,2.0,4669.6239392973475,316.58071110202513
861,6903.24,243.54,997,1,126,3.45,2.0,4669.511685776626,164.76712232183854
978,10983.96,593.77,943,1,185,5.83,2.0,4668.490876718538,316.2873578336614
284,10687.45,577.74,936,8,185,5.83,2.0,4668.490876718538,316.2873578336614
88,10976.83,593.38,942,2,185,5.83,2.0,4668.490876718538,316.2873578336614
1140,10976.83,593.38,941,3,185,5.83,2.0,4668.490876718538,316.2873578336614
234,10366.97,560.41,939,5,185,5.83,2.0,4668.490876718538,316.2873578336614
128,10390.91,562.18,931,10,183,5.83,2.0,4668.441577959262,316.71915635751475
638,11294.17,610.54,939,3,185,5.83,2.0,4667.393849874934,316.2130691157406
273,11301.5,610.93,941,1,185,5.83,2.0,4667.393849874934,316.2130691157406
180,10666.68,576.62,936,6,185,5.83,2.0,4667.393849874934,316.2130691157406
949,10996.42,594.44,934,8,185,5.83,2.0,4667.393849874934,316.2130691157406
165,11032.88,597.18,941,2,182,5.83,2.0,4667.2709215372815,316.86029450672436
333,6964.29,245.92,997,1,128,3.46,2.0,4666.548615925542,164.81673413817407
425,11288.04,610.21,941,2,185,5.83,2.0,4665.6639850401825,316.0958494083727
637,11295.36,610.6,942,1,185,5.83,2.0,4665.6639850401825,316.0958494083727
189,11697.31,632.6,942,1,184,5.83,2.0,4664.9829537216765,316.26604679931324
300,11689.65,632.18,941,2,184,5.83,2.0,4664.9829537216765,316.26604679931324
441,10480.0,566.76,934,9,184,5.83,2.0,4664.9829537216765,316.26604679931324
113,11340.7,613.84,939,3,182,5.83,2.0,4664.896604258677,316.6991216624947
545,11348.28,614.25,941,1,182,5.83,2.0,4664.896604258677,316.6991216624947
1190,6041.63,213.14,951,13,126,3.45,2.0,4664.633561187813,164.59499414122365
79,11328.31,613.17,942,3,182,5.83,2.0,4664.307770221685,316.659149824045
507,11686.76,632.03,943,1,184,5.83,2.0,4663.884041736016,316.19153408382454
221,11029.64,596.49,939,5,184,5.83,2.0,4663.884041736016,316.19153408382454
20,11679.11,631.61,942,2,184,5.83,2.0,4663.884041736016,316.19153408382454
489,11370.91,614.94,936,8,184,5.83,2.0,4663.884041736016,316.19153408382454
577,11679.19,631.89,942,2,183,5.83,2.0,4663.198889369187,316.3634107497837
957,6098.94,215.16,967,19,126,3.45,2.0,4659.241350867181,164.40472607097036
1211,6632.09,233.97,984,2,126,3.45,2.0,4659.241350867181,164.40472607097036
993,6635.11,234.08,982,1,126,3.45,2.0,4657.592694677065,164.3465520359905
269,6654.93,234.78,984,1,126,3.45,2.0,4657.502531527476,164.3433705635589
743,6576.0,231.99,979,3,126,3.45,2.0,4657.409570139423,164.3400903532438
599,6469.19,228.29,972,1,126,3.44,2.0,4650.705313620205,164.15486898641666
928,6852.71,241.83,997,1,126,3.44,2.0,4650.042022844131,164.13145696542142
586,10708.8,578.89,926,8,185,5.83,2.0,4648.270442271916,314.9177431814296
416,10387.68,561.53,928,6,185,5.83,2.0,4648.270442271916,314.9177431814296
783,6855.7,242.08,1038,1,128,3.46,2.0,4645.746248384774,164.0820202066161
1225,6848.46,241.83,1032,4,128,3.46,2.0,4641.295008870075,163.92480792403603
339,11378.19,615.34,933,2,184,5.83,2.0,4639.3099667718925,314.5256725333154
827,10745.45,581.12,930,5,184,5.83,2.0,4639.3099667718925,314.5256725333154
264,10200.76,551.66,926,9,184,5.83,2.0,4639.3099667718925,314.5256725333154
472,10476.43,566.33,930,5,185,5.83,2.0,4636.901315203018,314.1473484137821
74,11092.74,599.65,932,3,185,5.83,2.0,4636.901315203018,314.1473484137821
378,11173.46,604.27,928,8,184,5.83,2.0,4636.107984950612,314.3085966826177
1099,11476.3,620.64,933,3,184,5.83,2.0,4636.107984950612,314.3085966826177
944,10838.11,586.13,930,6,184,5.83,2.0,4636.107984950612,314.3085966826177
1143,10838.11,586.13,931,5,184,5.83,2.0,4636.107984950612,314.3085966826177
659,6809.92,240.39,997,1,127,3.45,2.0,4634.68820306551,163.63972337853647
317,6231.47,219.84,951,9,126,3.45,2.0,4634.365394747035,163.5269598331406
1076,6687.72,236.08,997,2,127,3.45,2.0,4634.179827464066,163.62177385547238
578,6807.04,240.14,997,2,126,3.45,2.0,4633.234152197179,163.48704311547772
790,6259.82,220.84,979,20,126,3.45,2.0,4633.234152197179,163.48704311547772
689,6684.85,235.83,997,3,126,3.45,2.0,4630.969184791296,163.40712209016874
674,5952.02,209.98,1012,6,126,3.45,2.0,4625.203862206642,163.20368848180624
821,6678.37,235.6,1014,4,126,3.45,2.0,4625.203862206642,163.20368848180624
537,6972.22,246.2,1014,1,128,3.46,2.0,4620.394194994776,163.18661698951837
250,10426.29,563.62,904,2,185,5.83,2.0,4619.938165034123,312.9991146936609
374,10906.65,590.09,904,2,183,5.83,2.0,4617.124538383396,313.23866779135847
912,6330.49,223.33,1032,9,126,3.45,2.0,4616.614435091084,162.900604287257
770,5900.1,208.15,919,16,126,3.45,2.0,4615.664730804711,162.8670932794994
1202,6165.33,217.5,931,6,126,3.45,2.0,4615.588314780063,162.86439688438804
1220,7017.71,247.8,1014,3,128,3.46,2.0,4614.409509238356,162.97524527941914
691,6846.03,241.74,1032,3,128,3.46,2.0,4612.748731484068,162.91658866012313
1063,6166.41,217.54,936,5,126,3.45,2.0,4612.202861590637,162.7449387017532
879,5981.81,211.03,931,13,126,3.45,2.0,4609.336925870989,162.64381207159113
596,6322.93,223.06,1030,8,126,3.45,2.0,4608.226045767935,162.60461385770122
1203,6580.44,232.15,1035,3,126,3.45,2.0,4608.226045767935,162.60461385770122
114,7061.32,249.34,1008,1,128,3.46,2.0,4606.761942943503,162.7051426822818
873,7061.32,249.34,1006,3,128,3.46,2.0,4606.761942943503,162.7051426822818
1170,6814.08,240.61,997,12,128,3.46,2.0,4606.761942943503,162.7051426822818
420,6088.02,214.84,997,21,126,3.44,2.0,4605.944807814077,162.5749677734002
726,6870.43,242.6,1040,5,128,3.46,2.0,4598.364101564522,162.40854129573108
1103,6311.4,222.73,1027,14,126,3.44,2.0,4597.522315188172,162.27768100068351
1092,6450.77,227.57,1021,8,126,3.45,2.0,4597.180096652031,162.21484949439764
643,6863.72,242.37,1039,3,128,3.46,2.0,4596.328262939736,162.33663798967245
536,6709.8,236.71,1027,1,126,3.45,2.0,4594.324108414063,162.11407386837345
784,6859.16,242.21,1038,2,128,3.46,2.0,4593.394610590497,162.2330250116247
906,6720.23,237.08,1008,1,126,3.45,2.0,4584.771434061964,161.77700079320311
499,6585.13,232.31,1038,2,126,3.45,2.0,4584.4058806015255,161.7641019729872
543,6183.05,218.13,1024,16,126,3.45,2.0,4584.4058806015255,161.7641019729872
555,6839.93,241.53,1032,1,128,3.46,2.0,4582.408467352543,161.84500799985017
794,5978.77,210.92,936,13,126,3.45,2.0,4580.785126668222,161.63634103214918
841,6474.47,228.41,1008,13,126,3.45,2.0,4580.510961597887,161.62666691787126
236,10617.8,573.97,901,2,185,5.83,2.0,4579.6497083687,310.26960033106366
450,5936.86,209.44,1030,6,126,3.45,2.0,4579.116972915975,161.57747901148377
414,6283.09,221.66,1025,12,126,3.45,2.0,4578.4509709649565,161.55397864735187
188,10795.91,583.85,904,2,184,5.83,2.0,4577.314693852949,310.32360511032994
896,6557.7,231.35,1025,1,126,3.45,2.0,4576.881556016526,161.49860069732586
570,6030.52,212.75,1003,23,126,3.45,2.0,4576.881556016526,161.49860069732586
494,6755.61,238.33,1008,3,126,3.45,2.0,4576.742345445746,161.49368855090052
534,6343.12,223.78,997,14,126,3.45,2.0,4576.742345445746,161.49368855090052
676,6927.65,244.62,1003,1,128,3.46,2.0,4576.617987101281,161.6404953883566
843,5453.19,192.38,851,14,126,3.45,2.0,4576.3660592879605,161.48041101963736
99,7037.38,248.5,1008,3,128,3.46,2.0,4575.683413307454,161.60748739611427
185,6960.25,245.77,1003,3,128,3.46,2.0,4573.961249849425,161.54666270957114
1059,6973.71,246.25,1013,1,128,3.46,2.0,4572.9327130472875,161.51033605991688
874,7068.88,249.61,1005,3,128,3.46,2.0,4572.52516000665,161.4959417898308
227,7068.88,249.61,1006,2,128,3.46,2.0,4572.52516000665,161.4959417898308
860,7031.9,248.31,1008,4,128,3.46,2.0,4571.4463668778535,161.45784014878154
1185,7033.26,248.35,1010,3,128,3.46,2.0,4571.2942736470395,161.45246840369873
1058,6201.83,218.79,1032,17,126,3.45,2.0,4570.164324386893,161.26157828469422
971,6308.92,222.57,1036,13,126,3.45,2.0,4570.164324386893,161.26157828469422
940,6198.48,218.67,1030,17,126,3.45,2.0,4569.389264829517,161.2342297434543
798,6061.64,213.85,1025,22,126,3.45,2.0,4569.389264829517,161.2342297434543
698,6608.91,233.15,1049,2,126,3.45,2.0,4569.383004837703,161.23400885508272
1040,6553.52,231.2,956,2,126,3.45,2.0,4569.076223911161,161.22318386655024
549,6603.5,232.96,1045,3,126,3.45,2.0,4569.032764265248,161.22165036127808
981,6560.95,231.46,1025,2,126,3.45,2.0,4567.822748939455,161.17895408881668
834,6367.84,224.65,1032,14,126,3.45,2.0,4567.539761173028,161.1689686592763
693,6599.55,232.82,1045,1,126,3.45,2.0,4567.539761173028,161.1689686592763
572,6363.55,224.5,1030,14,126,3.45,2.0,4567.108346017487,161.1537458611574
1093,5954.81,210.08,1038,6,126,3.45,2.0,4567.108346017487,161.1537458611574
718,6057.91,213.71,1024,21,126,3.45,2.0,4566.923088606722,161.147208918429
376,6194.67,218.54,1030,15,126,3.45,2.0,4566.923088606722,161.147208918429
564,6142.32,216.69,1025,17,126,3.45,2.0,4565.722103474494,161.104831282928
654,6537.89,230.72,1035,5,126,3.44,2.0,4565.661591884288,161.15310042481997
987,6638.19,234.26,1003,1,126,3.44,2.0,4560.59266020087,160.9741835164632
1115,6706.63,236.67,1008,3,126,3.44,2.0,4558.05395626562,160.88457547127837
837,6572.2,231.86,1032,3,126,3.45,2.0,4553.5284927391485,160.67457084312719
1011,6315.02,222.78,1027,8,126,3.45,2.0,4553.5284927391485,160.67457084312719
1138,6889.85,243.29,1049,4,128,3.46,2.0,4549.726935872406,160.6907366681835
455,6915.81,244.21,1030,1,128,3.46,2.0,4546.249098999349,160.56790376479967
513,6388.53,225.38,997,8,126,3.45,2.0,4542.940499055832,160.3009657709572
463,6765.21,238.67,1008,2,126,3.45,2.0,4542.529710067999,160.28647078219547
291,6381.06,225.11,997,9,126,3.45,2.0,4541.464348025568,160.24887870624207
289,6646.72,234.49,1003,3,126,3.45,2.0,4541.464348025568,160.24887870624207
1151,6747.24,238.03,1014,1,126,3.45,2.0,4540.795004708592,160.22526043957896
580,6287.73,221.82,997,17,126,3.45,2.0,4540.005063446461,160.19738678654448
277,6988.42,246.77,1027,1,128,3.46,2.0,4539.497067998568,160.3294303683042
668,6668.66,235.26,1005,3,126,3.45,2.0,4539.237396928253,160.1702991140819
720,6749.5,238.11,1012,1,126,3.45,2.0,4539.19666350888,160.16886180569873
242,11078.57,598.88,939,2,185,5.83,2.0,4537.471493202256,307.4109493830497
201,10463.05,565.61,936,5,185,5.83,2.0,4537.471493202256,307.4109493830497
53,10786.5,583.09,933,8,185,5.83,2.0,4537.471493202256,307.4109493830497
16,11478.68,620.77,941,1,184,5.83,2.0,4534.2835413410785,307.4052018212726
38,11168.46,604.0,934,8,184,5.83,2.0,4534.2835413410785,307.4052018212726
27,11471.16,620.37,939,3,184,5.83,2.0,4534.2835413410785,307.4052018212726
1036,10194.58,551.33,931,11,184,5.83,2.0,4534.2835413410785,307.4052018212726
710,10833.26,585.87,936,6,184,5.83,2.0,4534.2835413410785,307.4052018212726
89,11113.39,601.53,941,3,182,5.83,2.0,4530.432964754312,307.57037732997946
40,11113.39,601.53,942,2,182,5.83,2.0,4530.432964754312,307.57037732997946
468,6108.96,215.51,942,13,126,3.45,2.0,4521.265494893093,159.53614745535197
1003,6724.22,237.22,1030,2,126,3.45,2.0,4514.641891915306,159.3024287979233
1033,6629.92,233.89,1014,3,126,3.45,2.0,4511.126282137201,159.1783779452162
347,5986.31,211.19,1024,6,126,3.45,2.0,4510.140313242108,159.1435873143173
446,6716.85,236.96,1027,3,126,3.45,2.0,4510.140313242108,159.1435873143173
1054,6892.97,243.4,1049,5,128,3.46,2.0,4494.326353722657,158.73405652386737
1199,6887.1,243.19,1049,3,128,3.46,2.0,4488.3921692407375,158.52446845641316
1145,6884.49,243.1,1049,2,128,3.46,2.0,4487.423726834247,158.4902642665993
738,6881.29,242.99,1049,1,128,3.46,2.0,4487.4228417730765,158.49023300733097
859,6991.89,246.89,1027,2,128,3.46,2.0,4474.572926956327,158.03638988506646
1247,7394.68,296.2,946,3,286,3.35,2.0,4467.880526410732,179.0470132228411
814,6615.08,233.37,1049,4,126,3.45,2.0,4456.1365101555,157.2380237719617
1246,6119.48,215.89,1032,21,126,3.45,2.0,4456.1365101555,157.2380237719617
1097,6612.0,233.26,1049,3,126,3.45,2.0,4455.923064572236,157.23049218902725
460,6076.36,214.36,1032,22,126,3.45,2.0,4455.386035410592,157.2115427237468
950,6358.64,224.32,1045,9,126,3.45,2.0,4455.386035410592,157.2115427237468
872,6567.49,231.76,1049,4,126,3.44,2.0,4438.178664872788,156.65336505773757
1178,6035.06,212.91,1049,16,126,3.45,2.0,4417.721483151267,155.88252155260125
67,7267.67,271.05,1049,1,185,3.63,2.0,4416.952724724241,164.79023881845842
973,5541.39,195.49,1032,31,126,3.45,2.0,4414.991137626156,155.78617932125235
1227,5759.09,203.17,1038,25,126,3.45,2.0,4414.991137626156,155.78617932125235
991,5893.02,207.9,931,15,126,3.45,2.0,4408.899811677608,155.57124244664828
731,5552.76,195.95,1035,29,126,3.44,2.0,4398.558448226762,155.25489944141555
686,7414.67,297.0,939,1,286,3.35,2.0,4397.332357168894,176.21984812545998
379,7382.35,295.71,926,1,286,3.35,2.0,4397.186187701458,176.21399500354346
844,7399.28,296.39,946,1,286,3.35,2.0,4394.533705968582,176.1076935826013
1028,7411.03,296.86,939,3,286,3.35,2.0,4394.020252907807,176.0871172344696
538,7408.32,296.75,943,1,286,3.35,2.0,4393.006083393229,176.04647493430002
118,7654.3,306.76,1008,3,287,3.35,2.0,4385.984310381436,175.8592652717134
270,5520.43,194.75,866,15,126,3.45,2.0,4380.428218022906,154.56660151841334
1204,7266.99,270.84,1045,5,184,3.63,2.0,4379.013689180429,163.26354252767487
550,5942.65,209.65,1038,21,126,3.45,2.0,4363.719846489443,153.977034454123
937,5907.51,208.41,1035,24,126,3.45,2.0,4363.719846489443,153.977034454123
964,6268.16,221.13,1060,1,126,3.45,2.0,4362.303078307128,153.9270427564661
1168,6227.39,219.76,1049,10,126,3.44,2.0,4346.404617755925,153.4140377589929
50,7216.01,269.12,1045,3,185,3.63,2.0,4342.832286864878,162.02491045328225
49,7264.39,270.74,1045,4,184,3.63,2.0,4342.392962765134,161.8982055022334
986,7215.38,268.92,1045,3,184,3.63,2.0,4341.247194329652,161.85548761465816
278,5745.98,202.71,866,13,126,3.45,2.0,4339.680848966346,153.12880091025
1050,7211.14,268.76,1045,1,184,3.63,2.0,4339.491003756913,161.7900112503903
435,7204.86,268.53,1038,5,184,3.63,2.0,4338.932304914789,161.76918118238154
1067,7209.03,268.68,1040,5,184,3.63,2.0,4338.294398747102,161.74539801377614
584,7358.07,274.42,1111,3,185,3.63,2.0,4316.127239494767,161.0285830314242
61,7337.77,273.48,1111,4,184,3.63,2.0,4314.957308149423,160.87531713718272
302,6335.23,223.5,1063,3,126,3.45,2.0,4306.192876631553,151.9471534050499
528,7402.08,296.5,979,4,286,3.35,2.0,4292.738069182265,172.0283049192376
15,7198.69,268.3,1038,2,184,3.63,2.0,4291.280721007522,159.99257874369323
271,7595.2,304.23,1008,3,286,3.35,2.0,4277.706942701762,171.42594409453795
117,7605.02,304.63,1008,2,286,3.35,2.0,4277.633830904806,171.42301411395874
9,7364.04,274.64,1111,2,185,3.63,2.0,4253.584911794012,158.69521752777382
123,7357.02,274.2,1111,3,184,3.63,2.0,4252.836676544673,158.5592626326261
105,7313.38,272.76,1111,1,185,3.63,2.0,4252.3180050623705,158.64795103490133
60,7305.16,272.26,1111,2,184,3.63,2.0,4252.241802488984,158.53708383772255
456,7312.41,272.53,1111,1,184,3.63,2.0,4251.357008786151,158.50409591715106
629,5707.18,201.34,1049,28,126,3.45,2.0,4246.0777748929295,149.8259482366966
322,7467.28,299.11,1021,2,286,3.35,2.0,4229.8977733762285,169.51002847487416
822,6352.91,224.12,1078,1,126,3.45,2.0,4211.064687911191,148.59048594988917
631,6130.22,216.26,1060,15,126,3.45,2.0,4191.243711479101,147.89108835371871
279,6370.56,224.81,1082,3,126,3.44,2.0,4189.751376383496,147.88468455777502
919,7371.78,295.28,1045,2,286,3.35,2.0,4186.42097285455,167.76773140514933
461,7456.0,298.66,1045,1,286,3.35,2.0,4185.512236135319,167.73131408125892
413,7617.78,305.14,1039,3,286,3.35,2.0,4184.090533818407,167.67433968074556
275,7617.78,305.14,1038,4,286,3.35,2.0,4184.090533818407,167.67433968074556
231,7445.53,298.24,1030,9,286,3.35,2.0,4181.48127627277,167.56977448298585
274,7506.34,300.67,1027,13,286,3.35,2.0,4181.329480570693,167.56369160979966
358,7697.23,308.32,1035,5,286,3.35,2.0,4181.329480570693,167.56369160979966
106,7854.85,315.47,1032,4,291,3.35,2.0,4180.29578600027,167.96819193930014
395,7851.21,315.32,1030,5,291,3.35,2.0,4179.79778946091,167.9481819103794
424,7492.71,300.13,1024,12,286,3.35,2.0,4179.660187503325,167.49679495139935
261,7690.41,308.05,1035,3,286,3.35,2.0,4179.551249323429,167.49242955079626
1116,6175.2,217.85,1096,13,126,3.45,2.0,4179.520687178009,147.47743289914843
917,7496.23,300.27,1024,13,286,3.35,2.0,4179.475911275926,167.48941018610913
295,7679.79,307.62,1030,5,286,3.35,2.0,4178.912906626923,167.46684817191044
1018,7422.37,297.31,1024,11,286,3.35,2.0,4178.912906626923,167.46684817191044
771,7419.18,297.18,1024,10,286,3.35,2.0,4177.93431299054,167.42763147006326
312,7486.11,299.86,1021,13,286,3.35,2.0,4177.93431299054,167.42763147006326
133,7519.52,301.2,1021,3,286,3.35,2.0,4176.924587129709,167.38716701432304
1221,7541.69,302.09,1030,3,286,3.35,2.0,4176.711214436396,167.37861625243886
759,7386.74,295.88,1024,2,286,3.35,2.0,4176.068526629914,167.35286061329907
958,7535.89,301.86,1030,1,286,3.35,2.0,4175.289581726931,167.32164476124126
182,7533.04,301.74,1027,3,286,3.35,2.0,4174.304178392475,167.28215504314267
583,10428.18,563.96,1022,2,184,5.83,2.0,4168.816604350837,282.627377714711
840,6420.85,226.52,1111,4,126,3.45,2.0,4168.027506449181,147.07188764250395
887,6384.13,225.22,1111,3,126,3.45,2.0,4164.720808243856,146.95520838686753
361,10438.71,564.53,1015,5,184,5.83,2.0,4162.297319825294,282.1853873248508
684,6251.09,220.53,1106,10,126,3.45,2.0,4111.265559746558,145.06900099290715
1043,6434.16,226.99,1106,1,126,3.45,2.0,4110.160760303417,145.03001733953215
217,6405.13,225.96,1151,13,126,3.45,2.0,4109.436305109004,145.0044544101156
517,6444.26,227.34,1096,1,126,3.45,2.0,4108.323777478944,144.96519806203332
636,6272.88,221.3,1090,10,126,3.45,2.0,4107.329858116082,144.9301268930858
869,6225.88,219.64,1090,9,126,3.45,2.0,4106.99584368336,144.91834095044305
621,6836.72,241.41,1155,6,128,3.46,2.0,4097.6801428145345,144.72500219471203
852,5932.25,209.28,1138,29,126,3.45,2.0,4094.1535717946845,144.465192029194
504,6460.66,227.92,1166,1,126,3.45,2.0,4094.1535717946845,144.465192029194
724,6210.76,219.11,1086,9,126,3.45,2.0,4087.5276988031183,144.23139327267427
546,5946.2,209.77,1111,25,126,3.45,2.0,4086.208776469474,144.18485413708504
1038,5806.86,204.86,1106,31,126,3.45,2.0,4085.6522467735276,144.16521658124202
192,6393.77,225.56,1126,9,126,3.45,2.0,4084.217120818579,144.11457711620096
788,6417.0,226.38,1082,5,126,3.45,2.0,4083.7505051605212,144.09811224270243
832,6138.0,216.54,1118,13,126,3.45,2.0,4080.6979653805,143.990401152299
745,6348.64,223.97,1126,8,126,3.45,2.0,4080.61629371784,143.9875193081707
1055,5700.86,201.12,1102,32,126,3.45,2.0,4080.61629371784,143.9875193081707
899,5903.87,208.28,1092,29,126,3.45,2.0,4080.2612704311823,143.9749920528102
417,5875.14,207.27,1102,28,126,3.45,2.0,4079.5588957973664,143.95020825206302
916,6477.66,228.52,1128,1,126,3.45,2.0,4079.0650851050664,143.93278378196555
364,10453.5,565.33,1030,2,184,5.83,2.0,4079.062547479588,276.5423356785984
735,10432.31,564.18,1021,1,184,5.83,2.0,4078.8335436983602,276.526904725642
1174,6305.14,222.44,1111,6,126,3.45,2.0,4077.81854285505,143.8887986303671
1236,10431.82,564.16,1025,1,184,5.83,2.0,4077.3836705106737,276.428548003533
918,5911.04,208.53,1102,24,126,3.45,2.0,4075.7990512169044,143.8175393963911
1156,5657.39,199.58,1090,35,126,3.45,2.0,4074.1364483210946,143.7588732417389
1082,6494.57,229.12,1141,1,126,3.45,2.0,4070.7685980911756,143.64003619235655
765,6542.2,230.8,1161,2,126,3.45,2.0,4070.702096344586,143.63768962977065
807,6896.31,243.52,1177,2,128,3.46,2.0,4070.2595838523084,143.7565419153152
947,6936.96,244.95,1166,11,128,3.46,2.0,4070.1375258192083,143.75223097632124
1017,6940.0,245.06,1177,1,128,3.46,2.0,4068.801144259331,143.7050316299974
749,6052.85,213.53,1077,19,126,3.45,2.0,4068.4693170801593,143.55890438648794
556,6932.87,244.81,1175,1,128,3.46,2.0,4067.6867092000316,143.66567115998032
894,6767.27,238.96,1166,1,128,3.46,2.0,4066.483450061857,143.6231735331903
1245,10546.72,570.37,1030,3,184,5.83,2.0,4049.793592784458,274.55808813106864
451,6619.85,233.54,1175,2,126,3.45,2.0,4042.5161136591387,142.6431266926993
725,6490.17,228.96,1166,13,126,3.45,2.0,4041.2334422162658,142.59786669620598
509,10716.37,579.55,1063,3,184,5.83,2.0,4037.280782387381,273.71091846372815
516,10716.37,579.55,1064,2,184,5.83,2.0,4037.280782387381,273.71091846372815
354,10343.51,559.15,1063,2,185,5.83,2.0,4037.1326823334816,273.51363013310174
813,6518.43,229.96,1166,2,126,3.45,2.0,4036.854560729722,142.44335467223482
635,10626.57,574.69,1064,1,184,5.83,2.0,4036.647265748949,273.66791720757783
714,10751.83,581.46,1072,2,184,5.83,2.0,4035.270746451887,273.57463241916935
1046,5772.7,203.65,1126,35,126,3.45,2.0,4031.1587108178187,142.24237245775112
303,6021.03,212.41,1136,24,126,3.45,2.0,4029.1030612418485,142.1698373645927
845,6065.84,213.99,1138,22,126,3.45,2.0,4029.1030612418485,142.1698373645927
1208,10279.27,555.67,1078,1,185,5.83,2.0,4020.387178057969,272.3785769625797
660,10358.39,559.95,1078,2,185,5.83,2.0,4020.3656528683987,272.3771088404253
462,10358.39,559.95,1076,4,185,5.83,2.0,4020.3656528683987,272.3771088404253
316,10285.5,556.01,1076,2,185,5.83,2.0,4020.219720161616,272.367215411482
470,6096.26,215.07,1126,19,126,3.45,2.0,4020.2050578560707,141.8558648315011
977,10644.3,575.65,1076,3,184,5.83,2.0,4019.6240265869133,272.51328626953
166,10724.44,579.98,1076,5,184,5.83,2.0,4019.252524693563,272.4880862886955
1162,10644.53,575.66,1078,2,184,5.83,2.0,4019.144264819014,272.4807511483243
1126,6454.97,227.79,1030,141,126,3.44,2.0,4015.0694167213483,141.71897586007435
380,10446.19,564.93,1025,5,184,5.83,2.0,3994.991870559327,270.8426224462139
1073,6069.34,214.12,1135,23,126,3.45,2.0,3990.0078888050307,140.79033571804712
627,5922.17,208.92,1383,1,126,3.45,2.0,3988.7636756797297,140.74643275133258
1171,6038.66,213.03,1128,21,126,3.45,2.0,3978.5359873452276,140.38554131591627
891,5882.5,207.59,1383,1,126,3.44,2.0,3976.09031843964,140.3431396502824
838,10192.94,551.24,1106,8,184,5.83,2.0,3955.519565316026,268.1679601966798
563,6465.44,228.09,1014,142,126,3.45,2.0,3953.4956545559676,139.5019749275425
666,10271.04,555.23,1064,3,185,5.83,2.0,3951.7924133487436,267.7319517008716
681,6481.75,228.67,1141,9,126,3.45,2.0,3946.2573645837374,139.24656659161565
606,10466.99,566.06,1082,1,184,5.83,2.0,3930.841764922143,266.4941690313717
988,6438.88,227.15,1185,3,126,3.45,2.0,3924.5427343021065,138.48035003953282
1195,6507.0,229.56,1199,2,126,3.45,2.0,3920.565816114061,138.340021583444
1240,6454.71,227.71,1199,3,126,3.45,2.0,3920.1948752909325,138.32693266621027
1064,6303.36,222.37,1210,1,126,3.45,2.0,3910.0447732763123,137.96877892064458
402,5624.14,198.41,1171,36,126,3.45,2.0,3909.9498825214346,137.96543063121544
1112,6263.21,220.96,1194,13,126,3.45,2.0,3909.9498825214346,137.96543063121544
1057,5500.73,194.06,1166,41,126,3.45,2.0,3909.9498825214346,137.96543063121544
1142,6207.62,219.0,1014,196,126,3.45,2.0,3908.585090951184,137.91727296618956
708,5783.03,204.02,1186,29,126,3.45,2.0,3907.563988656979,137.88124262770134
1148,6204.94,218.9,1213,2,126,3.45,2.0,3907.563988656979,137.88124262770134
796,5972.23,210.69,1199,17,126,3.45,2.0,3907.4682472671875,137.87786432299936
559,5647.15,199.22,1180,37,126,3.45,2.0,3906.966446741888,137.86015792582202
1090,5418.17,191.14,1242,164,126,3.45,2.0,3906.8010681658957,137.85432242229308
709,6429.55,226.9,1194,1,126,3.44,2.0,3906.671274273459,137.89287171630258
581,6292.24,221.98,1210,8,126,3.45,2.0,3905.7204395938006,137.816191655686
1165,5506.71,194.27,1180,39,126,3.45,2.0,3904.2076487165727,137.76281172727113
815,6177.76,217.94,1213,6,126,3.45,2.0,3904.2076487165727,137.76281172727113
1153,6355.7,224.29,1202,1,126,3.44,2.0,3902.734758669123,137.7539254361759
1007,5792.98,204.43,1230,153,126,3.44,2.0,3899.463299666235,137.63845350499378
1049,5959.63,210.31,1383,2,126,3.44,2.0,3896.5989453672746,137.53735105429723
410,6146.55,216.91,1199,14,126,3.44,2.0,3894.658411350591,137.46885647425324
1166,5964.5,210.48,1194,23,126,3.44,2.0,3892.949800161442,137.40854802059084
922,5680.56,200.4,1111,289,126,3.45,2.0,3888.755990349264,137.21758870279564
890,10279.72,555.7,1068,1,185,5.83,2.0,3886.1657390231208,263.2858371592224
739,5593.81,197.34,1343,53,126,3.45,2.0,3882.0469235387577,136.98085439175065
1006,10264.5,554.88,1082,4,185,5.83,2.0,3861.6040237808284,261.62094984443206
945,10245.38,554.07,1119,1,184,5.83,2.0,3861.179145552957,261.772136737942
816,10267.32,555.03,1082,2,185,5.83,2.0,3860.971698591975,261.5781693599881
12,10190.18,550.86,1082,1,185,5.83,2.0,3860.681690086381,261.5585736839164
1150,10190.18,550.86,1078,5,185,5.83,2.0,3860.681690086381,261.5585736839164
175,10349.06,559.68,1072,14,184,5.83,2.0,3832.950990982764,259.8574896117764
751,5831.77,205.74,1371,2,126,3.45,2.0,3822.1782353293042,134.86834410430947
1109,5340.83,188.42,1185,37,126,3.45,2.0,3808.222364533371,134.37590103417187
475,5993.59,211.44,1210,13,126,3.45,2.0,3807.8173045564763,134.36160819773568
373,5382.03,189.87,1186,37,126,3.45,2.0,3807.8173045564763,134.36160819773568
532,5335.79,188.24,1183,41,126,3.45,2.0,3807.773399209963,134.36005896559163
760,5661.61,199.73,1138,83,126,3.45,2.0,3805.79396888854,134.29021332436741
673,5260.59,185.59,1180,41,126,3.45,2.0,3805.79396888854,134.29021332436741
678,10223.43,552.66,1142,1,185,5.83,2.0,3793.718732751956,257.0237990185972
793,10581.03,572.23,1136,8,184,5.83,2.0,3793.5672511381927,257.18943822709275
370,10575.22,572.16,1136,8,183,5.83,2.0,3793.058900387767,257.33248539858687
482,10240.05,553.55,1138,4,185,5.83,2.0,3792.9463331741986,256.97138807002807
994,10240.05,553.55,1141,1,185,5.83,2.0,3792.9463331741986,256.97138807002807
1039,10652.27,575.84,1136,3,185,5.83,2.0,3792.906981654865,256.9686159698538
612,10812.83,584.76,1138,4,184,5.83,2.0,3792.4766788252305,257.11537005252717
163,10812.83,584.76,1136,6,184,5.83,2.0,3792.4766788252305,257.11537005252717
1167,5341.22,188.49,1186,35,126,3.44,2.0,3792.4395838897817,133.86086218129458
607,10444.04,564.58,1138,3,185,5.83,2.0,3792.2146285374206,256.92173437469046
145,10416.54,563.33,1126,14,184,5.83,2.0,3791.5932861673627,257.0553621296565
130,10826.33,585.74,1136,2,183,5.83,2.0,3790.83073285728,257.18106974997613
56,10545.26,570.29,1119,18,184,5.83,2.0,3790.569445527665,256.98586131628963
1159,10831.07,585.75,1136,1,184,5.83,2.0,3790.569445527665,256.98586131628963
634,10468.44,566.14,1126,11,184,5.83,2.0,3790.569445527665,256.98586131628963
258,10220.15,552.48,1138,8,185,5.83,2.0,3789.479007875062,256.73638278991257
1210,10228.89,553.18,1136,10,184,5.83,2.0,3788.828467455812,256.86794764602837
605,10584.0,572.39,1146,1,184,5.83,2.0,3787.7071722903206,256.7918832352225
404,10229.63,553.22,1136,11,184,5.83,2.0,3787.7071722903206,256.7918832352225
1029,10376.98,561.19,1146,2,184,5.83,2.0,3786.071672473088,256.6809307511444
699,10372.19,561.17,1141,8,183,5.83,2.0,3785.3236524587664,256.80739917614187
972,10371.97,560.68,1126,3,185,5.83,2.0,3782.4680757550686,256.2605865226974
551,10741.49,580.9,1126,4,184,5.83,2.0,3782.4548483718977,256.4351219406667
665,10289.98,556.25,1126,2,185,5.83,2.0,3780.2313880682773,256.1089293632235
1147,10295.75,556.56,1126,1,185,5.83,2.0,3779.360968586584,256.0499358190559
727,10251.74,554.19,1136,2,185,5.83,2.0,3762.141451012115,254.88423067189046
1016,10651.15,575.78,1138,2,185,5.83,2.0,3761.6352103792883,254.8499446037422
561,11030.08,596.51,1136,5,184,5.83,2.0,3761.2365012385476,254.99732847041219
366,5300.84,187.01,1183,42,126,3.45,2.0,3758.8059471180163,132.63220673787464
568,11048.68,597.77,1136,1,183,5.83,2.0,3758.65690997496,254.99822937903218
954,10696.19,578.21,1126,9,185,5.83,2.0,3756.5695425545946,254.50639971633086
254,10638.73,575.35,1126,9,184,5.83,2.0,3755.7406296423683,254.62435710355294
1219,10274.56,555.42,1126,8,185,5.83,2.0,3754.756161887181,254.38341961549872
1119,10370.55,560.61,1126,5,185,5.83,2.0,3753.753996690279,254.31537218096264
1163,10275.32,555.46,1126,7,185,5.83,2.0,3753.5729370760228,254.30315453271055
343,10731.63,580.37,1126,7,184,5.83,2.0,3752.9494354765734,254.4349072938012
984,10292.74,556.4,1126,4,185,5.83,2.0,3752.831109579473,254.2527573856396
989,5169.33,182.65,1185,40,129,3.46,2.0,3748.6635713616124,132.4824267802842
104,10304.6,557.28,1118,9,184,5.83,2.0,3747.1875819044494,254.04394710477618
444,10661.56,576.58,1126,1,184,5.83,2.0,3747.1875819044494,254.04394710477618
921,10297.57,556.66,1124,2,185,5.83,2.0,3746.3172485960836,253.8111201684219
315,5470.97,193.07,1191,34,126,3.44,2.0,3745.7530132507036,132.21297710368253
624,10243.73,553.99,1119,5,184,5.83,2.0,3745.0013867453645,253.89562783899942
357,5147.69,181.6,1186,42,126,3.45,2.0,3723.911631629413,131.40093538974543
828,5640.94,199.0,1210,19,126,3.45,2.0,3723.572652235142,131.3889742548181
941,5655.9,199.53,1230,28,126,3.45,2.0,3720.8645094363337,131.29341546284513
775,5587.83,197.13,1180,295,126,3.45,2.0,3715.945791018877,131.11985489942754
385,5246.28,185.08,1102,289,126,3.45,2.0,3715.328604197012,131.09807701269938
1172,5764.61,203.37,1210,17,126,3.45,2.0,3710.9260891061476,130.9427310597589
394,5434.92,191.74,1194,33,126,3.45,2.0,3710.9260891061476,130.9427310597589
628,5276.08,186.13,1188,39,126,3.45,2.0,3710.9260891061476,130.9427310597589
716,5237.43,184.77,1186,41,126,3.45,2.0,3710.9260891061476,130.9427310597589
652,5311.67,187.39,1185,41,126,3.45,2.0,3710.586713390321,130.9307559403369
639,5350.86,188.77,1186,40,126,3.45,2.0,3710.586713390321,130.9307559403369
445,5095.69,180.05,1186,41,128,3.44,2.0,3700.919961404125,130.79342616220174
541,5202.04,183.58,1186,41,126,3.44,2.0,3698.179770812013,130.53379537679257
589,5398.19,190.5,1194,33,126,3.44,2.0,3698.179770812013,130.53379537679257
574,5314.72,187.55,1186,40,126,3.44,2.0,3697.843190116078,130.52191516587345
781,5881.44,207.49,1452,16,126,3.45,2.0,3692.3083578427754,130.28579084615194
1088,6085.55,214.69,1370,1,126,3.45,2.0,3692.0656391846123,130.27722634142037
650,6044.35,213.3,1230,141,126,3.44,2.0,3681.330620602408,129.93907482181658
428,5320.87,187.71,1202,33,126,3.45,2.0,3679.928855159831,129.84897107350025
466,5606.26,197.78,1213,21,126,3.45,2.0,3678.745553293109,129.807217404908
829,5834.58,205.83,1038,196,126,3.45,2.0,3678.745553293109,129.807217404908
721,5795.7,204.46,1230,6,126,3.45,2.0,3674.865097761967,129.67029270395642
902,5166.15,182.25,1194,42,126,3.45,2.0,3674.865097761967,129.67029270395642
866,5205.94,183.66,1199,39,126,3.45,2.0,3671.023548051393,129.53474082323282
736,5537.49,195.35,1213,25,126,3.45,2.0,3671.023548051393,129.53474082323282
998,5565.77,196.35,1215,23,126,3.45,2.0,3671.023548051393,129.53474082323282
1123,5503.59,194.16,1230,29,126,3.45,2.0,3669.7725785299644,129.49059945213685
825,5229.79,184.5,1199,43,126,3.45,2.0,3668.0511639021483,129.42985808266758
488,5284.86,186.5,1202,33,126,3.44,2.0,3667.5767518807065,129.45360770105572
868,5225.42,184.34,1213,44,126,3.45,2.0,3666.8279150732105,129.38669485640503
1133,5568.84,196.52,1213,21,126,3.44,2.0,3666.403090431287,129.41218124453508
523,5131.18,181.08,1194,42,126,3.44,2.0,3662.5571966651623,129.27643362245544
772,5769.04,203.52,1213,17,126,3.45,2.0,3660.0363041196883,129.14704791513077
811,5405.81,190.77,1208,29,126,3.44,2.0,3659.6305022529646,129.17313076721211
434,5294.49,186.84,1202,35,126,3.44,2.0,3659.6305022529646,129.17313076721211
744,5466.37,192.91,1230,29,126,3.44,2.0,3657.814005151439,129.10901428947227
851,5211.27,183.9,1202,39,126,3.44,2.0,3656.7275525238565,129.07066602255009
623,5241.01,184.95,1199,43,126,3.44,2.0,3655.8006495360514,129.03794934233338
540,5279.75,186.32,1202,40,126,3.44,2.0,3655.8006495360514,129.03794934233338
111,7672.03,307.31,1383,12,286,3.35,2.0,3653.7262907980994,146.4206346739261
785,5694.08,200.88,1401,39,126,3.45,2.0,3653.0147229362974,128.8992863067706
969,5730.04,202.21,1213,17,126,3.44,2.0,3647.6196163889404,128.74918530895093
648,5421.97,191.28,1378,40,126,3.45,2.0,3644.203777187301,128.58838566581926
966,5926.91,209.09,1452,7,126,3.45,2.0,3635.2873762982194,128.27376396340878
365,5360.49,189.29,1208,50,128,3.46,2.0,3633.8623139149795,128.34352927200325
848,5428.58,191.51,1412,14,126,3.45,2.0,3632.2044913116742,128.16498212029046
632,5264.69,185.73,1213,43,126,3.45,2.0,3630.2636372470106,128.09649767035899
308,5599.98,197.56,1230,26,126,3.45,2.0,3630.2636372470106,128.09649767035899
946,5818.36,205.26,1452,1,126,3.45,2.0,3628.262063117157,128.0258706687555
1004,5697.26,200.99,1441,1,126,3.45,2.0,3624.680117248529,127.89947909876673
1110,5728.15,202.08,1438,9,126,3.45,2.0,3620.735833418526,127.76030216978052
324,10259.61,554.84,1126,12,184,5.83,2.0,3619.0891914861736,245.3602408974973
340,10254.37,554.33,1136,1,185,5.83,2.0,3619.077260875273,245.19158724837712
907,5844.29,206.18,1452,3,126,3.45,2.0,3618.510912312072,127.68179420731803
1127,5209.64,183.85,1202,37,126,3.44,2.0,3618.287450024301,127.7138546221031
415,5610.22,197.92,1271,32,126,3.45,2.0,3615.7106129797066,127.58298360487152
1041,5973.86,210.75,1180,289,126,3.45,2.0,3612.5746169789004,127.47232770093069
662,5685.34,200.57,1242,57,126,3.45,2.0,3612.2908902843697,127.4623161977488
331,5389.74,190.14,1194,37,126,3.45,2.0,3611.2059940461318,127.42403484346187
367,5355.19,188.92,1199,33,126,3.45,2.0,3610.6299326739822,127.40370809819251
677,5533.12,195.2,1271,27,126,3.45,2.0,3609.9232444377135,127.37877208883992
702,5861.09,206.77,1186,74,126,3.45,2.0,3609.666522975051,127.36971348496718
656,5497.14,193.93,1240,31,126,3.45,2.0,3609.2087069921195,127.35355911441684
412,5306.6,187.21,1230,36,126,3.45,2.0,3608.3312905737716,127.3225988367567
883,5630.87,198.65,1240,24,126,3.45,2.0,3608.154908030805,127.3163750502049
696,5635.48,198.81,1230,22,126,3.45,2.0,3599.9621955820585,127.02728922174401
1044,5820.74,205.41,1242,20,126,3.44,2.0,3599.4977949892377,127.05064051744966
904,5917.38,208.82,1230,1,126,3.44,2.0,3599.1002236132354,127.0366075326142
59,4873.8,175.84,1102,290,150,3.44,2.0,3598.959183825046,129.16220157438966
131,7836.75,314.74,1102,290,291,3.35,2.0,3596.337892595442,144.50451256543238
154,7579.41,303.6,1383,11,286,3.35,2.0,3596.289506234612,144.11889126049618
1023,5270.92,186.01,1230,36,126,3.44,2.0,3596.1859100466695,126.93374168121227
956,5895.77,207.99,1472,1,126,3.45,2.0,3595.9101395180705,126.88430947097049
886,5856.42,206.67,1472,1,126,3.44,2.0,3585.8413999115905,126.56861390136828
968,5191.26,183.14,1199,44,126,3.45,2.0,3578.0254976382407,126.25323685038893
465,5137.43,181.24,1242,55,126,3.45,2.0,3569.044210659395,125.93632559503067
1179,5763.48,203.33,1296,1,126,3.45,2.0,3569.044210659395,125.93632559503067
854,5232.61,184.66,1202,41,126,3.44,2.0,3566.235341843545,125.87658340780945
651,5689.24,200.71,1027,221,126,3.45,2.0,3565.5646103916542,125.81354536413573
592,5394.04,190.29,1213,38,126,3.45,2.0,3564.472639710141,125.77501438296213
1169,5865.58,206.93,1242,9,126,3.45,2.0,3564.472639710141,125.77501438296213
476,5712.56,201.53,1230,21,126,3.45,2.0,3564.472639710141,125.77501438296213
1207,5426.91,191.45,1213,33,126,3.45,2.0,3560.00863581658,125.61749875283431
287,5103.34,180.09,1242,55,126,3.44,2.0,3557.700805525668,125.57534185483064
388,5463.37,192.74,1213,62,126,3.45,2.0,3557.323987745796,125.52276898946002
675,5155.96,181.95,1202,46,126,3.44,2.0,3554.166826504768,125.45060381531675
609,5374.86,189.62,1234,38,126,3.45,2.0,3552.2909178851255,125.34517345202539
1192,5853.61,206.51,1199,73,126,3.45,2.0,3552.2909178851255,125.34517345202539
406,5183.88,182.88,1242,54,126,3.45,2.0,3532.25621588286,124.63823439337784
1224,5866.68,206.97,1242,2,126,3.45,2.0,3529.7053157777273,124.54822402442824
419,5066.62,179.14,1230,49,130,3.46,2.0,3527.745369142465,124.75519481524589
885,7425.56,297.44,1383,19,286,3.35,2.0,3523.5704484348485,141.2047347094699
382,5512.89,194.49,1412,65,126,3.45,2.0,3521.914805349912,124.27333018735908
867,5034.06,178.1,1242,53,130,3.44,2.0,3521.1387907282474,124.59893205789376
383,5030.9,177.87,1242,53,129,3.44,2.0,3518.343698933393,124.420031520478
1205,5193.83,183.29,1202,43,126,3.44,2.0,3515.3648062744,124.08101788849717
620,5152.46,181.88,1230,52,127,3.45,2.0,3503.708537110203,123.70754421678612
1024,5528.91,195.05,1258,52,126,3.45,2.0,3500.9341348940247,123.53301194252072
565,5559.1,196.12,1255,54,126,3.45,2.0,3500.531066149211,123.51878936815956
824,5254.87,185.5,1230,47,127,3.45,2.0,3497.637213428842,123.49318034067846
480,5754.38,203.01,1334,1,126,3.45,2.0,3497.176870005551,123.40043411315946
881,5222.19,184.23,1242,53,126,3.45,2.0,3496.0094273684213,123.35924004903836
498,5252.79,185.31,1230,47,126,3.45,2.0,3495.7907013172494,123.35152214094614
557,5411.0,190.89,1242,36,126,3.45,2.0,3495.372495005391,123.3367654265021
600,5346.43,188.61,1242,37,126,3.45,2.0,3495.3173569777537,123.33481984101991
1009,5627.98,198.55,1258,22,126,3.45,2.0,3495.1846945909924,123.33013875203778
1100,7439.72,298.01,1383,51,286,3.35,2.0,3493.890863302663,140.0153523423778
997,5268.78,185.93,1242,41,126,3.44,2.0,3491.071109708415,123.22352890391085
211,5077.33,179.18,1230,53,126,3.44,2.0,3491.071109708415,123.22352890391085
454,5824.2,205.53,1242,74,126,3.44,2.0,3489.3657162836616,123.16333402693317
1117,5738.89,202.52,1208,73,126,3.44,2.0,3488.350503388576,123.12750029235985
669,5038.5,178.14,1242,55,129,3.44,2.0,3485.1871130969175,123.24750722839781
905,5186.81,183.04,1242,53,126,3.44,2.0,3484.906138707492,123.00592534945599
459,5217.3,184.12,1230,47,126,3.44,2.0,3484.3781755627047,122.98728995653937
332,5117.02,180.58,1230,49,126,3.44,2.0,3483.9102502069836,122.97077370356556
976,5667.04,199.92,1476,8,126,3.45,2.0,3483.430947524664,122.91539922230959
646,5650.24,199.33,1329,20,126,3.45,2.0,3477.2534704061486,122.6974224409073
328,5043.92,178.33,1202,45,129,3.44,2.0,3476.9499707662576,122.95621518983398
1091,5778.66,203.93,1199,279,126,3.44,2.0,3464.1800623476393,122.27436182952624
169,7807.16,313.56,1180,289,291,3.35,2.0,3462.754089953362,139.13687493937414
500,5571.68,196.56,1472,9,126,3.45,2.0,3458.4206208669307,122.0328916221606
748,5196.55,183.33,1230,58,126,3.45,2.0,3453.761401708434,121.86848767915399
756,5369.39,189.42,1049,241,126,3.45,2.0,3453.4095606158535,121.85607270983019
336,5111.6,180.33,1230,54,126,3.45,2.0,3452.917528002811,121.83871098055442
1094,5166.64,182.55,1230,58,128,3.44,2.0,3446.5840814023945,121.80499585613734
522,5161.64,182.15,1230,58,126,3.44,2.0,3443.1291749807083,121.53133353063367
948,5077.27,179.17,1230,54,126,3.44,2.0,3442.2954656225115,121.50190628439032
209,5478.68,193.34,1476,6,126,3.44,2.0,3439.525521858892,121.40413622050937
1114,5115.27,180.52,1230,52,126,3.44,2.0,3437.160320948212,121.32065227142084
935,5378.33,189.74,1298,43,126,3.45,2.0,3419.119104551952,120.64610898151614
778,5678.08,200.31,1343,1,126,3.45,2.0,3419.0457299156806,120.64351990401337
205,5062.96,179.01,1230,55,130,3.46,2.0,3418.760680920779,120.90106006677343
1026,5562.67,196.24,1449,49,126,3.45,2.0,3418.600098293171,120.62779546748197
223,5009.19,177.22,1230,49,130,3.44,2.0,3416.632795399802,120.9008854356307
1241,6813.37,240.59,1519,33,128,3.46,2.0,3413.278669625302,120.55278736643686
1108,5549.54,195.9,1491,9,127,3.45,2.0,3412.4544093155787,120.48557985257048
268,5447.5,192.24,1311,30,126,3.44,2.0,3409.519420114512,120.34501779255879
705,6919.09,244.32,1519,34,128,3.46,2.0,3407.7814932311744,120.35863388495773
962,5965.24,210.51,1519,23,126,3.44,2.0,3399.989650563619,120.00864772246541
588,7844.36,315.05,1383,13,291,3.35,2.0,3396.504481223072,136.4750165037376
1096,5509.2,194.36,1449,62,126,3.45,2.0,3396.2504698228868,119.83917254160497
244,5127.85,180.9,1230,55,126,3.45,2.0,3395.888447780559,119.8263983300676
1122,5591.72,197.27,1255,30,126,3.45,2.0,3395.888447780559,119.8263983300676
787,7842.55,314.98,1383,12,291,3.35,2.0,3395.75384676465,136.44485260535157
362,5174.12,182.76,1230,54,128,3.45,2.0,3395.6126327467905,119.96622743760281
387,7684.17,307.8,1383,18,286,3.35,2.0,3395.322601613964,136.0652882683321
703,5870.69,207.11,1288,3,126,3.45,2.0,3395.282598174118,119.80502048524568
418,7433.93,297.77,1416,2,286,3.35,2.0,3394.9145079695613,136.04895161131617
438,5325.95,187.89,1242,50,126,3.45,2.0,3392.883939131416,119.72038205311583
701,5526.44,194.96,1234,58,126,3.45,2.0,3392.883939131416,119.72038205311583
1104,7439.79,298.01,1430,2,286,3.35,2.0,3392.793353862736,135.96394066340508
393,5672.5,200.12,1495,24,126,3.45,2.0,3389.2257028146014,119.59129851903799
633,7429.5,297.6,1383,24,286,3.35,2.0,3388.0501264634704,135.7738534649843
305,6005.97,211.88,1517,24,126,3.45,2.0,3387.085033311756,119.515763435792
141,5092.91,179.73,1230,55,126,3.44,2.0,3385.60848963502,119.50103921392474
697,7587.54,303.93,2000,242,286,3.35,2.0,3385.055580799431,147.15153418259024
464,5139.06,181.58,1230,54,128,3.44,2.0,3384.953357959029,119.62691755126161
363,7480.91,299.66,2000,241,286,3.35,2.0,3384.9268351099818,147.13661335289498
298,5487.27,193.58,1292,31,126,3.45,2.0,3383.612829722404,119.39324420212688
491,5492.02,193.75,1294,28,126,3.45,2.0,3383.2817335339637,119.38156123186081
960,5366.69,189.33,1281,41,126,3.45,2.0,3383.2817335339637,119.38156123186081
515,5289.66,186.67,1242,50,126,3.44,2.0,3382.114863626559,119.37772550535101
967,6070.09,214.34,1519,1,128,3.46,2.0,3381.606916881279,119.43418017274189
616,5814.28,205.12,1255,64,126,3.45,2.0,3380.864863335716,119.29628020583732
1072,5547.34,195.7,1185,319,126,3.45,2.0,3376.3784441996445,119.13797363752656
496,5330.74,188.12,1281,41,126,3.44,2.0,3372.6470867927424,119.0435435778918
280,5439.62,191.9,1491,15,126,3.45,2.0,3368.836779011493,118.87186048604917
309,5050.58,178.57,1230,55,129,3.44,2.0,3368.8359266920625,119.13295233589952
473,5455.85,192.47,1294,43,126,3.45,2.0,3367.968912727977,118.84123719187801
938,5415.75,191.06,1505,3,126,3.45,2.0,3366.565625451739,118.79172117778398
645,6818.95,240.79,1549,5,128,3.46,2.0,3364.69363446763,118.83682392497985
251,5617.02,198.16,1517,1,126,3.45,2.0,3364.2646427373124,118.71052932607608
356,6185.0,218.4,1472,54,128,3.46,2.0,3362.866597835521,118.77229524747463
208,4877.98,176.66,1476,2,163,3.46,2.0,3362.861161438511,121.8277035813826
780,5724.65,201.96,1519,1,126,3.45,2.0,3362.6756722611763,118.65446134500007
862,5402.51,190.65,1472,34,126,3.44,2.0,3359.953666047891,118.59550684390751
334,5578.62,196.87,1517,1,126,3.44,2.0,3355.4074480202926,118.43504003846783
62,4825.3,174.45,1476,8,160,3.44,2.0,3354.542190763499,121.31489734943034
1045,6448.51,227.49,1549,4,126,3.45,2.0,3353.339896820298,118.32504170593165
337,7649.61,306.41,1449,13,286,3.35,2.0,3351.8150541477057,134.32168250302766
878,5717.34,201.7,1491,1,126,3.45,2.0,3343.265006459826,117.96954185843697
1081,6243.2,220.25,1519,17,126,3.45,2.0,3331.379362982358,117.55014826770139
493,5888.89,207.75,1472,65,126,3.45,2.0,3330.874180601066,117.53232253927081
820,6510.06,229.74,1517,39,126,3.44,2.0,3330.6423618708554,117.56091252482611
595,4828.33,174.56,1476,1,160,3.44,2.0,3323.9939085753986,120.2101380436593
262,5021.24,177.53,1230,52,129,3.44,2.0,3313.1744047921184,117.16458059570596
1027,5050.57,178.57,1230,58,129,3.44,2.0,3312.8818208068483,117.15423387810733
30,5004.99,177.07,1230,55,130,3.44,2.0,3311.080672060464,117.16582055288427
539,4831.1,174.96,1476,5,163,3.46,2.0,3310.443779481904,119.928758315702
508,5024.07,177.63,1230,53,129,3.44,2.0,3309.052686847775,117.01882329612545
75,4833.04,175.17,1472,1,164,3.46,2.0,3303.3161984496687,119.7642594964259
230,7565.37,303.04,1449,4,286,3.35,2.0,3297.157106029689,132.13134522888822
933,7565.37,303.04,1452,1,286,3.35,2.0,3297.157106029689,132.13134522888822
730,4881.04,176.91,1472,4,164,3.46,2.0,3297.0523541724697,119.53715902220392
750,6693.94,236.23,1633,1,126,3.44,2.0,3293.183347776203,116.23873037472958
560,6660.28,234.96,1472,85,126,3.45,2.0,3287.380298102647,115.9976092030106
1132,7014.2,247.68,1625,5,128,3.46,2.0,3282.5136675466297,115.93432898187211
31,4884.75,177.04,1230,52,164,3.46,2.0,3278.755397018745,118.87378881296763
799,7022.04,247.96,1625,1,128,3.46,2.0,3277.1576775340372,115.7451620290285
685,5583.64,196.98,1230,110,126,3.45,2.0,3274.780062303147,115.55300070159319
1181,6344.69,223.83,1625,16,126,3.45,2.0,3267.3635228442095,115.29130270258929
996,7632.4,305.72,1472,1,286,3.35,2.0,3265.3464023238885,130.85646103675072
970,6738.38,237.72,1625,8,126,3.45,2.0,3262.61306857814,115.1236794623369
529,6000.7,211.7,1519,28,126,3.45,2.0,3262.2511072352727,115.11090739261817
503,6978.66,246.43,1472,85,128,3.46,2.0,3255.1806188242435,114.96895945607275
1238,6978.66,246.43,1519,38,128,3.46,2.0,3255.1806188242435,114.96895945607275
10,7369.1,295.18,1457,58,286,3.35,2.0,3249.829315262385,130.23449923529006
108,7730.15,310.46,1180,268,291,3.35,2.0,3242.587620045206,130.29049051451784
1197,6739.08,237.74,1633,1,126,3.45,2.0,3239.231046721154,114.29862778356119
122,7793.9,313.02,1519,7,291,3.35,2.0,3234.797170448211,129.97711101485174
826,6134.57,216.42,1491,55,126,3.45,2.0,3229.6990742039334,113.9622851877266
758,6743.76,237.91,1625,3,126,3.45,2.0,3218.707491983772,113.5744391999392
593,6698.56,236.39,1625,3,126,3.44,2.0,3210.888062777435,113.33397274847357
579,7701.45,308.49,2000,256,286,3.35,2.0,3205.416197909668,128.45454962424765
777,6703.01,236.55,1625,1,126,3.44,2.0,3193.5427513203977,112.7217393047813
1061,5741.16,202.54,1329,1,126,3.45,2.0,3186.290341112712,112.43057641041014
836,7641.98,306.11,1452,17,286,3.35,2.0,3178.730673138507,127.38541686381132
518,7802.68,313.38,1345,125,291,3.35,2.0,3178.3268990061547,127.70829879477333
1074,5703.06,201.26,1329,1,126,3.44,2.0,3177.9683504641457,112.17201328271994
839,7637.22,305.92,1345,125,286,3.35,2.0,3174.5604547053067,127.21828918223218
1214,7707.38,308.73,2000,269,286,3.35,2.0,3170.697193467881,127.06286952940263
6,4751.33,172.21,1230,57,164,3.46,2.0,3167.244412410143,114.83087263620291
1071,7512.41,300.92,1476,1,286,3.35,2.0,3165.153974669358,126.84130816618745
888,7512.41,300.92,1472,5,286,3.35,2.0,3165.153974669358,126.84130816618745
553,5848.19,206.32,1625,20,126,3.45,2.0,3157.132943276966,111.40173638188844
803,6318.85,222.92,1625,18,126,3.45,2.0,3155.270844254854,111.33603086104722
156,8375.78,343.48,1905,316,309,3.35,2.0,3154.774104855689,129.39053708142728
1200,5929.2,209.17,1625,23,126,3.45,2.0,3154.6188995902908,111.31302651851956
626,8376.13,343.49,1905,317,309,3.35,2.0,3154.202429607326,129.36703631068076
34,4781.11,173.34,1230,57,164,3.45,2.0,3150.8226959403037,114.2695210131028
898,5808.78,204.99,1625,20,126,3.44,2.0,3149.747791410106,111.17591874177879
671,6522.67,230.11,1600,9,126,3.45,2.0,3148.2314127308177,111.08763939036453
655,6115.2,215.73,1549,16,126,3.45,2.0,3133.888693514107,110.58154609182156
1089,7705.96,308.67,1976,289,286,3.35,2.0,3128.971956265323,125.39084106880318
344,7463.57,298.96,1519,22,286,3.35,2.0,3114.963713520845,124.82979648233459
786,7644.59,306.21,1457,10,286,3.35,2.0,3100.906644969857,124.26669616654863
1248,6409.02,226.1,1575,1,126,3.45,2.0,3100.800940305976,109.41402061013059
207,6790.54,239.78,1688,1,128,3.46,2.0,3072.215539522874,108.50685880881292
1149,7557.05,302.7,1519,23,286,3.35,2.0,3062.0755482364225,122.71034031471754
1213,7011.0,247.57,1606,6,128,3.46,2.0,3061.686098952333,108.1349719711825
485,6220.53,219.45,1616,55,126,3.45,2.0,3058.556811217402,107.92340573365436
1201,6171.75,217.73,1600,73,126,3.45,2.0,3058.079368163614,107.90655880761324
797,6157.87,217.24,1628,41,126,3.45,2.0,3056.9212718016665,107.8656945336179
1052,6296.87,222.14,1674,2,126,3.45,2.0,3055.829099938316,107.82715645359667
1015,6125.05,216.15,1383,289,126,3.44,2.0,3052.8604301707414,107.75610797803847
653,6254.49,220.72,1674,2,126,3.44,2.0,3048.9714500084406,107.61883954539871
397,7453.77,298.57,1519,9,286,3.35,2.0,3039.708937789854,121.81403713198233
18,10167.19,523.18,1995,393,185,4.81,2.0,3036.04634302832,160.59626463752898
1189,6690.38,236.1,1491,122,126,3.44,2.0,3035.5904430538703,107.14653324009896
761,7710.88,308.87,2000,279,286,3.35,2.0,3035.2000680027345,121.63290959581582
23,10167.73,523.21,1995,395,185,4.81,2.0,3033.058898347565,160.3868736394843
1048,6298.72,222.21,1674,3,126,3.45,2.0,3022.2211118554824,106.6412741052768
229,7715.13,309.04,2000,289,286,3.35,2.0,3021.6005810945107,121.0878089362227
805,6246.65,220.37,1674,8,126,3.45,2.0,3008.5432173489307,106.15863963107995
1237,6265.11,221.09,1669,15,126,3.44,2.0,3002.912892778136,105.99312131172928
469,6276.95,221.44,1677,9,126,3.45,2.0,3002.1356906260994,105.93254538174278
1105,7539.77,302.01,1519,11,286,3.35,2.0,2997.9046068785688,120.13875527535856
214,7628.08,305.55,1519,12,286,3.35,2.0,2995.227107057633,120.03144822726381
823,6527.09,230.27,1625,67,126,3.45,2.0,2994.8878625306565,105.67680048618104
687,6924.27,244.5,2000,416,128,3.46,2.0,2971.484171503602,104.94915126336082
753,6531.98,230.58,1677,16,127,3.45,2.0,2944.9127717561646,103.97780610684322
1069,6530.47,230.38,1674,20,126,3.45,2.0,2944.527827559286,103.89980995684255
831,6642.01,234.32,2000,409,126,3.45,2.0,2940.969335480906,103.77424595476123
213,7828.33,313.57,1625,52,286,3.35,2.0,2928.952293201568,117.37567448962227
179,7828.46,313.74,1625,51,287,3.35,2.0,2928.910776469046,117.4369065671467
170,7083.77,250.14,1821,13,128,3.46,2.0,2920.2229836920196,103.13866944153278
1035,7087.02,250.25,1837,2,128,3.46,2.0,2918.6165038930367,103.08193055896936
226,7009.02,247.5,1837,3,128,3.46,2.0,2918.1895934530307,103.0668526094455
78,7162.64,252.92,1841,1,128,3.46,2.0,2916.7243100947294,103.01510061076624
45,7162.64,252.92,1837,5,128,3.46,2.0,2916.7243100947294,103.01510061076624
914,6564.63,231.59,1833,2,126,3.45,2.0,2905.895049169678,102.53662422169282
719,6664.23,235.1,1833,1,126,3.45,2.0,2905.081048855598,102.50790162747353
245,6802.32,239.98,1833,3,126,3.45,2.0,2904.5125320435686,102.48784109749795
692,7584.07,303.79,1643,18,286,3.35,2.0,2903.1068485500823,116.33988643888642
375,6732.08,237.5,1837,5,126,3.45,2.0,2901.6798251371993,102.38788697022437
1230,6878.61,242.67,1843,1,126,3.45,2.0,2900.6623995054747,102.35198636543782
1146,6878.61,242.67,1839,5,126,3.45,2.0,2900.6623995054747,102.35198636543782
391,7376.01,295.45,1519,19,286,3.35,2.0,2895.268871624719,116.02569909329623
521,6758.55,238.51,1811,30,126,3.44,2.0,2889.85584210658,102.00257276322827
350,6240.39,220.15,1688,9,126,3.45,2.0,2872.4045906723113,119.83676919807021
713,6485.48,228.87,1691,2,126,3.44,2.0,2869.6834979617433,120.50997212107916
1175,7752.73,311.37,1627,28,291,3.35,2.0,2863.895118546422,115.07400329088705
707,6594.96,232.66,1830,3,126,3.45,2.0,2849.9035039768046,100.56092175070125
734,7726.7,310.32,1519,19,291,3.35,2.0,2849.6556929379017,114.50175557197736
495,6591.09,232.52,1837,1,126,3.45,2.0,2848.2823364394926,100.50371767287243
116,7750.86,311.29,1633,32,291,3.35,2.0,2821.2530845409815,113.36063809148345
506,6672.89,235.41,2000,442,126,3.45,2.0,2820.0569556439805,99.50776451581169
795,7756.13,311.51,1633,13,291,3.35,2.0,2815.68543356899,113.13686154371226
995,6505.42,229.5,1821,1,126,3.45,2.0,2792.198463574996,98.52475735265807
239,7475.13,299.42,1519,30,286,3.35,2.0,2749.4902317646147,110.18370830363529
622,5735.15,202.33,1472,241,126,3.45,2.0,2745.4773514634394,96.87616886756814
193,6949.65,245.17,1852,1,126,3.45,2.0,2744.4793086411614,96.84095219986511
58,7954.31,319.47,1575,65,291,3.35,2.0,2739.1184097698733,110.06030935963327
138,7783.01,311.92,1625,19,287,3.35,2.0,2737.4550428155453,109.7602551472246
187,7782.35,311.73,1625,20,286,3.35,2.0,2737.0229754815405,109.68415661869312
982,7544.64,302.21,1549,4,286,3.35,2.0,2721.3114658700247,109.0544620333153
220,6784.14,239.56,1821,3,128,3.46,2.0,2705.10878462724,95.54110158674303
436,7722.28,310.15,1519,23,291,3.35,2.0,2694.729011709972,108.27665064766188
162,7760.28,311.67,1627,3,291,3.35,2.0,2693.8011774230745,108.23940341332082
19,8222.47,330.24,1519,113,291,3.35,2.0,2693.587558922282,108.23081512695899
28,8222.47,330.24,1627,5,291,3.35,2.0,2693.587558922282,108.23081512695899
70,8043.56,322.88,1625,8,290,3.35,2.0,2693.3321237940286,108.1634724374212
863,6514.82,229.83,1769,55,126,3.45,2.0,2691.8142191788197,94.98262614311489
1158,7553.03,302.54,1519,27,286,3.35,2.0,2691.785742790769,107.87125042404841
1234,7551.65,302.49,1519,28,286,3.35,2.0,2691.713573007938,107.86835659641747
779,7592.16,304.11,1625,10,286,3.35,2.0,2691.587255093272,107.86333557718535
272,8037.67,321.96,1633,4,286,3.35,2.0,2691.544183596825,107.86160844978849
42,8037.67,321.96,1625,12,286,3.35,2.0,2691.544183596825,107.86160844978849
426,7499.63,300.41,1625,3,286,3.35,2.0,2691.03785598036,107.84130530099901
41,7972.92,320.21,1519,34,291,3.35,2.0,2660.2157494119806,106.88985608136
199,7716.68,309.92,1519,28,291,3.35,2.0,2660.1593319101326,106.88759766290286
908,7546.67,302.45,1550,1,287,3.35,2.0,2658.0648018819097,106.57698084094227
723,7388.52,296.11,1553,3,287,3.35,2.0,2657.9634525528695,106.57290242176168
14,8119.09,326.08,1627,4,291,3.35,2.0,2630.856958592026,105.71023731225932
29,8064.12,323.88,1627,6,291,3.35,2.0,2630.7746503022904,105.70694025404327
43,7889.42,316.69,1625,9,290,3.35,2.0,2630.361292479641,105.63458707985592
109,7938.81,318.0,1616,20,286,3.35,2.0,2628.617246991186,105.33986034211057
57,7938.81,318.0,1625,11,286,3.35,2.0,2628.617246991186,105.33986034211057
290,7883.91,315.8,1549,89,286,3.35,2.0,2628.4195473950977,105.33193798221009
132,7883.91,315.8,1633,5,286,3.35,2.0,2628.4195473950977,105.33193798221009
103,8464.46,346.97,1602,11,310,3.35,2.0,2601.7472980466773,114.14285672473807
857,8438.24,346.77,1866,1,2000,4.82,2.0,2590.2152655153022,157.06283335086164
155,7972.67,320.2,1519,37,291,3.35,2.0,2571.453208080519,103.32328469747426
567,7799.68,313.09,1549,8,290,3.35,2.0,2570.955397571703,103.24879612216591
1228,7634.62,305.81,1549,16,286,3.35,2.0,2568.071461640978,102.91347870632262
87,8359.29,342.66,1602,10,310,3.35,2.0,2541.3973362292036,111.49880299146162
856,8679.05,356.77,1879,16,2000,4.81,2.0,2540.007712629286,154.14218150765646
740,8254.1,339.3,1872,23,2000,4.81,2.0,2540.007712629286,154.14218150765646
202,9208.36,378.68,1889,4,2000,4.8,2.0,2534.308899636447,154.04585529705264
1160,8907.28,366.3,1879,16,2000,4.8,2.0,2533.2331248422656,153.93620000394503
864,8526.49,350.4,1826,3,2000,4.82,2.0,2518.025846533216,153.12135525236954
478,8271.07,339.9,1833,17,2000,4.82,2.0,2517.797812840018,153.10017058959784
871,8925.39,366.79,1833,2,2000,4.82,2.0,2517.3475467684098,153.04852257861648
1231,8925.39,366.79,1830,5,2000,4.82,2.0,2517.3475467684098,153.04852257861648
573,8387.28,344.68,1835,5,2000,4.82,2.0,2516.7791638633435,152.98753403123328
810,6726.24,237.37,1472,406,126,3.44,2.0,2509.5367218437623,103.00018299589271
292,9082.44,373.25,1835,1,2000,4.82,2.0,2475.931399719887,150.50095752260586
1025,8580.42,352.62,1833,4,2000,4.82,2.0,2475.37281383687,150.44258444734078
1013,8585.28,352.82,1859,13,2000,4.82,2.0,2460.4410761246363,149.24887329149124
263,9022.11,370.77,1868,4,2000,4.82,2.0,2460.4410761246363,149.24887329149124
1222,8266.77,339.73,1866,4,2000,4.82,2.0,2459.735658466427,149.17002500580293
1182,8266.25,339.71,1868,1,2000,4.82,2.0,2459.7219912563273,149.16647160348248
13,7196.58,254.28,1472,409,129,3.46,2.0,2457.2132075689606,86.84096682993822
259,6777.72,239.11,1472,406,126,3.45,2.0,2456.2667870930313,103.00018299589271
33,7107.62,250.98,1472,409,128,3.46,2.0,2448.889977854621,86.4917697499659
184,6998.47,246.9,1472,409,126,3.45,2.0,2445.9817804423224,86.30824941374567
926,6945.25,245.09,1472,409,126,3.44,2.0,2436.4851131907385,86.00005108324422
755,9360.38,386.29,1929,1,2000,4.67,2.0,2424.3247908333933,124.50337953330222
124,9321.64,384.7,1927,3,2000,4.67,2.0,2424.3247908333933,124.50337953330222
1010,8676.81,356.58,1829,1,2000,4.82,2.0,2420.0503131136734,147.15905417531167
526,8624.51,354.43,1826,4,2000,4.82,2.0,2420.0503131136734,147.15905417531167
858,8299.45,341.07,1859,12,2000,4.82,2.0,2413.2013145133496,146.35934882531774
510,8504.06,349.48,1866,5,2000,4.82,2.0,2413.2013145133496,146.35934882531774
168,9661.25,398.93,1927,3,2000,4.65,2.0,2412.48248927397,124.45704583352017
349,8239.13,338.59,1823,2,2000,4.82,2.0,2412.12740382506,146.6438530213586
299,9027.01,370.97,1868,11,2000,4.82,2.0,2410.7011838459184,146.1816752886466
732,8733.91,358.92,1868,15,2000,4.82,2.0,2410.230394167411,146.1302293540325
630,8803.34,361.78,1879,12,2000,4.82,2.0,2409.4474936285123,146.06489438909557
1130,8965.66,368.55,1872,10,2000,4.81,2.0,2404.3260198497846,145.9735219445697
679,8470.09,348.08,1879,21,2000,4.82,2.0,2372.4803767200433,143.86386571796857
1032,8810.19,362.06,1886,15,2000,4.82,2.0,2372.360165249039,143.85137296527046
440,8423.74,346.18,1863,18,2000,4.82,2.0,2371.730284070837,143.81317630184185
1020,8886.52,365.2,1912,1,2000,4.82,2.0,2371.679570711284,143.78001949878671
422,9046.97,371.82,1901,13,1999,4.82,2.0,2371.2334906815136,143.7299602002222
884,8405.16,345.41,1912,16,2000,4.82,2.0,2370.061088071158,143.60493921367652
647,8904.88,365.95,1917,11,2000,4.82,2.0,2370.061088071158,143.60493921367652
657,8232.0,338.3,1912,15,2000,4.82,2.0,2369.686336294083,143.56548856262134
520,8737.68,359.11,1901,17,1999,4.82,2.0,2369.0735690092647,143.49586904758235
1215,8582.69,352.71,1901,17,2000,4.82,2.0,2369.0527173210353,143.49576563191295
562,3922.41,168.71,1997,9,1814,2.11,2.0,2366.890450066196,124.46812774910313
1113,8604.75,353.71,1879,22,2000,4.81,2.0,2366.379898563201,143.68043257140607
253,8746.79,359.55,1886,13,2000,4.81,2.0,2366.375139679234,143.67831806108143
1194,8981.28,369.19,1917,2,2000,4.81,2.0,2363.463054105653,143.36789489117245
157,9511.0,392.3,1931,1,2000,4.69,2.0,2358.4811070318206,120.54008705561569
249,9472.56,390.71,1929,3,2000,4.69,2.0,2358.4811070318206,120.54008705561569
953,9216.46,379.02,1917,1,2000,4.8,2.0,2357.1412789605592,143.15574998237707
191,9472.8,390.72,1928,2,2000,4.69,2.0,2353.7777692336617,120.33432361986752
776,9512.16,392.34,1929,1,2000,4.69,2.0,2353.7777692336617,120.33432361986752
178,9321.41,384.69,1929,3,2000,4.67,2.0,2346.966456235117,120.49579006391969
219,9140.51,376.2,1939,109,2000,4.77,2.0,2343.781855820687,115.47650659938517
773,8322.54,342.02,1101,5,2000,4.82,2.0,2335.6739473430753,112.73037063985657
670,8408.97,345.57,1096,10,2000,4.82,2.0,2335.6739473430753,112.73037063985657
431,9661.0,398.92,1929,3,2000,4.65,2.0,2335.5063267464234,120.45106340247594
664,8877.6,364.83,1833,1,2000,4.82,2.0,2335.159699958919,141.9640754929169
980,8726.54,358.62,1925,1,2000,4.82,2.0,2332.2811137777053,141.31729219342014
819,8730.13,358.77,1859,16,2000,4.82,2.0,2328.664828236096,141.26345416823824
767,8589.01,352.97,1866,12,2000,4.82,2.0,2326.834740872106,141.10062616304185
502,9036.87,371.37,1882,11,2000,4.82,2.0,2326.459131586602,141.03502681589362
442,9034.04,371.26,1879,10,2000,4.82,2.0,2326.133654079193,141.03737547747596
335,8662.88,356.01,1872,23,2000,4.82,2.0,2325.5686364172575,140.94052466154153
920,8807.45,361.95,1882,15,2000,4.82,2.0,2325.3750496180896,140.96284916994819
846,8599.8,353.66,1101,5,2000,4.8,2.0,2324.504712993371,112.69311352186082
448,8976.13,368.98,1886,11,2000,4.81,2.0,2320.444326170911,140.85185474530135
817,9053.22,372.3,1889,3,2000,4.8,2.0,2314.8655027673094,140.69562910247805
1226,9211.23,378.8,1889,8,2000,4.8,2.0,2314.7662293960484,140.6946894606417
477,8295.74,340.92,1833,13,2000,4.82,2.0,2306.4818822781335,140.17298024624188
747,8776.97,360.69,1830,1,2000,4.82,2.0,2297.791498527503,139.71181723866084
603,8723.59,358.5,1830,3,2000,4.82,2.0,2297.1270620066152,139.63648016618072
594,9051.94,372.13,1912,1,1995,4.82,2.0,2296.541435256753,139.21891650367297
91,9379.9,386.99,2000,73,2000,4.68,2.0,2291.234926108588,116.91966526783585
806,3886.32,167.16,1995,20,1814,2.11,2.0,2289.5271340404706,120.25750047952488
1079,8522.35,350.33,1106,9,2000,4.81,2.0,2289.362479032084,110.82737215471502
963,3855.4,165.83,2000,38,1814,2.11,2.0,2286.527612299158,119.9903191531489
925,8884.74,365.12,1901,2,2000,4.82,2.0,2281.14114100974,138.347776182924
695,9153.18,376.54,1901,13,1999,4.79,2.0,2279.157354520658,138.70264330287364
983,8673.68,356.45,1901,21,2000,4.82,2.0,2279.037372605393,138.1224727370486
717,9242.3,379.82,1927,3,2000,4.82,2.0,2278.8726096951254,138.09901463303777
238,8829.95,362.87,1925,5,2000,4.82,2.0,2278.8726096951254,138.09901463303777
255,9280.71,381.4,1929,1,2000,4.82,2.0,2278.8726096951254,138.09901463303777
1030,9243.8,379.91,1929,2,1999,4.82,2.0,2278.117768122434,138.012826093287
359,9151.03,376.43,1917,1,2000,4.79,2.0,2277.1626145940795,138.48276675626312
870,8878.71,364.97,1917,5,2000,4.81,2.0,2273.633063677917,137.9790080161597
1070,9177.32,377.25,1928,2,2000,4.81,2.0,2273.4693114352685,137.95561026314
1173,9215.46,378.82,1929,1,2000,4.81,2.0,2273.4693114352685,137.95561026314
5,10026.36,517.98,1901,141,2000,4.15,2.44,2272.8145409292497,127.48222501808141
774,9178.79,377.34,1929,2,1999,4.81,2.0,2272.718288081773,137.8696298011737
186,10036.71,518.51,1912,141,2000,4.15,2.44,2272.3511745328597,127.4312103584798
548,8615.44,354.3,1889,14,2000,4.8,2.0,2270.324221467849,138.05968089147564
46,9456.82,388.9,1929,1,2000,4.8,2.0,2268.0784250762463,137.8121382151785
37,9417.68,387.29,1927,3,2000,4.8,2.0,2268.0784250762463,137.8121382151785
210,8441.04,346.89,1126,3,2000,4.82,2.0,2267.036517219858,109.609628518102
1193,8700.28,357.79,1123,4,2000,4.8,2.0,2263.228169306257,109.89437399565054
1062,8308.86,341.46,1866,20,2000,4.82,2.0,2252.609171368721,136.59034017219756
266,8659.02,355.85,1866,22,2000,4.82,2.0,2252.5397077005478,136.58816197074793
452,8969.84,368.72,1886,2,2000,4.81,2.0,2247.0270313657406,136.43590449880458
323,10032.0,518.27,1939,109,2000,4.15,2.44,2246.804513608955,125.95237556186157
818,8708.78,357.89,1907,17,2000,4.82,2.0,2242.6541500865374,135.91325314547294
1176,8401.91,345.28,1901,23,2000,4.82,2.0,2242.6541500865374,135.91325314547294
801,8333.79,342.48,1919,13,2000,4.82,2.0,2241.101218617216,135.7654008343543
1243,8861.65,364.17,1931,1,2000,4.82,2.0,2241.101218617216,135.7654008343543
1021,8287.77,340.59,1102,11,2000,4.82,2.0,2230.4565484339373,107.71790868859989
728,8251.32,339.09,1823,1,2000,4.82,2.0,2229.465301180698,142.14954058603723
932,10181.11,532.61,1997,63,2000,4.17,2.47,2210.192731103905,125.50938124491586
21,10178.06,532.45,1994,63,2000,4.17,2.47,2209.9316433308604,125.47719268886567
802,8530.21,350.58,1102,9,1999,4.82,2.0,2204.7664189989714,106.45615705489422
619,8507.68,349.63,1101,9,2000,4.82,2.0,2204.4750574608797,106.43128183633462
297,8822.25,362.55,1939,2,2000,4.82,2.0,2203.6081172969275,133.3621340744694
232,8901.56,365.81,1929,12,2000,4.82,2.0,2203.6081172969275,133.3621340744694
401,8629.92,354.65,1939,1,2000,4.82,2.0,2203.486453442002,133.34685874977413
530,8690.37,357.14,1912,28,2000,4.82,2.0,2203.486453442002,133.34685874977413
63,9876.13,411.11,1955,85,2000,4.37,2.0,2198.7564915162075,116.34006148252206
791,8329.71,342.34,1102,11,1999,4.82,2.0,2197.938929870177,106.148760619021
4,9999.07,416.25,2000,73,2000,4.35,2.0,2192.775773356722,116.76125049458278
754,8479.23,348.55,1111,1,2000,4.81,2.0,2192.49829048755,106.11061878038754
112,9192.82,378.15,1927,3,2000,4.79,2.0,2191.3887919416698,133.32984316692318
1212,9246.48,380.46,1979,65,2000,4.78,2.0,2191.1231015578933,132.5806467421089
909,9256.44,380.87,1994,63,2000,4.78,2.0,2191.0814364331873,132.5826904108153
763,9252.6,380.71,1979,73,2000,4.78,2.0,2190.9207999930077,132.58246503167948
1047,9248.77,380.55,1979,68,2000,4.78,2.0,2190.5113253977256,132.50998299189996
84,9916.95,412.95,2000,73,2000,4.34,2.0,2187.5980843776674,116.75447395108745
752,8227.91,338.13,1092,6,2000,4.82,2.0,2187.45431125931,105.51416128020355
1232,8925.64,367.26,1927,3,2000,4.78,2.0,2186.1915492220455,133.19075132327407
733,8925.64,367.26,1928,2,2000,4.78,2.0,2186.1915492220455,133.19075132327407
742,8318.66,341.86,919,1,2000,4.82,2.0,2176.192054146653,103.88697006167126
286,8937.93,367.31,1955,101,2000,4.82,2.0,2175.25765721212,130.97011420177887
1139,8576.15,352.47,2000,58,1999,4.82,2.0,2174.845849830144,130.92408524678513
1187,8574.92,352.39,2000,58,2000,4.82,2.0,2174.8013334562006,130.9221441480945
338,8957.41,368.11,1979,73,2000,4.82,2.0,2174.479885211141,130.90105437314332
1068,8999.24,369.93,1851,205,2000,4.81,2.0,2170.462274738071,130.85584892872794
936,8996.23,369.81,1927,125,2000,4.81,2.0,2169.688025677222,130.78695564983718
762,9002.26,370.05,2000,60,2000,4.81,2.0,2169.573021236472,130.7885694000529
427,8992.48,369.65,1929,118,2000,4.81,2.0,2169.2928633628403,130.71611939748846
447,8742.95,359.3,1883,19,2000,4.82,2.0,2166.2120881198643,131.3570238455518
396,9043.24,371.64,1901,1,2000,4.82,2.0,2166.2120881198643,131.3570238455518
1136,8594.65,353.23,1882,23,1999,4.82,2.0,2165.836153885828,131.3091578743838
764,9232.02,379.66,1760,295,2000,4.8,2.0,2165.465865198575,130.71439658210738
757,9233.56,379.72,1939,118,2000,4.8,2.0,2165.0683890935306,130.67318017345588
483,9220.55,379.18,1955,85,2000,4.8,2.0,2164.83281125923,130.66890088438868
320,9225.89,379.4,1979,68,2000,4.8,2.0,2164.5134135960125,130.60205290644944
955,8314.78,341.7,1912,21,2000,4.82,2.0,2162.3693743152826,130.96692916151005
897,8520.57,350.16,1927,10,2000,4.82,2.0,2161.9214874010127,130.92881993325136
1053,8426.92,346.31,1925,12,2000,4.82,2.0,2161.9214874010127,130.92881993325136
1186,8979.65,369.12,1901,1,2000,4.81,2.0,2161.2301457049593,131.22999586044898
682,8412.38,345.81,1882,20,2000,4.81,2.0,2161.2301457049593,131.22999586044898
927,8850.07,363.7,1937,1,2000,4.82,2.0,2161.0325160600637,130.8148688253932
1080,8311.98,341.59,1917,21,2000,4.82,2.0,2161.0325160600637,130.8148688253932
618,9165.89,377.04,1939,118,2000,4.79,2.0,2160.296350556143,130.5588593095149
924,9162.11,376.88,1979,73,2000,4.79,2.0,2160.134910777593,130.55844655881356
135,9312.02,383.05,1979,61,2000,4.79,2.0,2160.0616504406776,130.55460664233578
167,9317.41,383.27,1826,221,2000,4.79,2.0,2159.7441436961594,130.4878830535904
1152,9316.64,383.24,1979,67,2000,4.79,2.0,2159.537089690289,130.465590531825
575,9159.07,376.76,1939,109,2000,4.79,2.0,2159.275853534431,130.45991224939962
849,9913.75,412.81,2000,69,2000,4.34,2.0,2154.3433101490646,109.82021277466151
146,9909.76,412.65,2000,64,2000,4.34,2.0,2152.833500947062,109.67160065420535
11,10186.18,532.87,1994,84,2000,4.17,2.47,2149.600175519544,122.38252639136317
1121,10184.16,532.77,2000,63,2000,4.17,2.47,2145.1675538723316,121.87801810451629
17,10052.88,519.35,1929,141,2000,4.15,2.44,2142.4262400542643,120.32784869236866
880,10050.93,519.25,1927,141,2000,4.15,2.44,2142.1514385353366,120.29673172267894
533,9888.84,411.64,1955,101,2000,4.37,2.0,2130.7705991095695,112.75938491109923
855,9885.65,411.5,1979,73,2000,4.37,2.0,2130.5288065461586,112.72956368678979
1128,9881.68,411.34,1826,221,2000,4.37,2.0,2129.6714444727927,112.64816181525316
1131,9880.09,411.27,1889,156,2000,4.37,2.0,2129.5765995335223,112.63947548475767
1120,9984.57,415.65,1979,76,2000,4.35,2.0,2120.5427023393163,112.72552064404954
65,9982.17,415.55,1979,73,2000,4.35,2.0,2120.5023678654807,112.71732032116574
782,9987.78,415.78,2000,59,2000,4.35,2.0,2120.2146926703176,112.69913096692767
36,9940.72,414.45,2000,73,1983,4.34,2.0,2119.6126100795145,113.13531423961467
235,9284.09,382.11,2000,73,2000,4.77,2.0,2115.5134374468425,128.43918204010515
432,8950.53,367.83,2000,73,2000,4.82,2.0,2103.534177772599,126.87664713937329
352,3872.6,166.57,2000,112,1814,2.11,2.0,2099.152427456165,110.66362286481217
882,9245.95,380.23,2000,73,2000,4.8,2.0,2094.5559998968456,126.67253834495568
1001,8606.95,353.8,1882,24,2000,4.81,2.0,2091.3490897319384,126.95696830922316
1129,3878.23,166.81,997,20,1814,2.11,2.0,2087.5449694263884,106.73749512319273
690,8912.13,366.5,1889,17,2000,4.8,2.0,2086.5418850700753,126.834170665697
345,9268.78,381.37,2000,73,2000,4.78,2.0,2085.614825832489,126.46797364130339
1124,9259.52,380.99,1979,82,2000,4.78,2.0,2083.056946223822,126.08164783719008
285,3785.28,162.81,925,9,1814,2.11,2.0,2068.917440514251,105.4073707779894
1216,3934.4,169.11,919,5,1824,2.11,2.0,2068.7109506882493,105.38204457986967
975,8942.37,367.49,2000,62,2000,4.82,2.0,2067.1731791680672,124.48754657114637
1235,8851.7,363.77,1979,60,2000,4.82,2.0,2066.805083602662,124.43761371027153
203,8756.06,359.83,1929,109,2000,4.82,2.0,2066.6566001493597,124.41963020310459
746,8986.23,369.39,2000,68,2000,4.81,2.0,2064.8158087456236,124.63764901204922
1209,8984.74,369.33,2000,66,2000,4.81,2.0,2064.2160712514333,124.56246429508633
206,8890.07,365.44,1979,60,2000,4.81,2.0,2062.399597961709,124.33813956629047
190,10046.47,519.02,1994,93,2000,4.15,2.44,2060.400090550899,115.93253739937109
1161,9120.85,375.08,1979,60,2000,4.8,2.0,2058.003179571125,124.23855199051991
24,3487.32,151.68,925,14,1814,2.06,2.0,2056.670382897054,94.51485615841375
281,3620.77,156.01,919,16,1824,2.06,2.0,2055.774125861175,94.43576474674978
80,4003.48,171.13,1096,29,1901,2.11,2.0,2052.4092688264536,105.56656010446522
943,9264.9,381.22,1979,89,2000,4.78,2.0,2051.618647722296,124.33669615126905
282,3623.45,156.42,919,20,1814,2.05,2.0,2044.775445760693,94.41584719031857
514,9280.84,381.97,2000,76,2000,4.77,2.0,2044.2605050392926,124.16153562712793
95,3654.13,157.66,919,16,1824,2.05,2.0,2043.8918290319111,94.33687975821613
177,9895.92,411.96,2000,85,1999,4.37,2.0,2036.1457712273793,108.03964222180889
809,9894.52,411.87,2000,85,2000,4.37,2.0,2036.139816994863,108.03885640255999
1008,8384.51,344.57,1925,109,2000,4.82,2.0,2035.9413504685767,122.69229361294333
77,3489.01,154.63,967,21,1814,2.01,2.01,2035.3178108374925,91.64130237991685
1233,8568.1,352.11,1927,109,2000,4.82,2.0,2034.402933543169,122.49553422849726
1065,8947.43,367.7,2000,76,2000,4.82,2.0,2031.943148998951,122.6062416834875
90,3690.41,158.73,967,18,1814,2.11,2.0,2029.5795095889941,103.59229560936024
429,9006.91,370.24,2000,77,2000,4.81,2.0,2027.9261847609441,122.54033147059113
35,3384.65,151.21,967,21,1814,2.0,2.0,2027.5833058659127,90.86262797111158
979,3889.03,167.28,997,17,1814,2.11,2.0,2025.446031230491,103.53496000728137
893,3616.82,155.57,925,20,1814,2.11,2.0,2022.80496112874,103.08942536430482
136,3670.1,158.61,1171,36,1814,2.06,2.0,2020.8364572476346,109.34183308485922
48,3552.06,154.89,919,16,1824,2.03,2.0,2020.3366040472863,94.13940091603558
1154,9262.05,381.1,2000,82,2000,4.78,2.0,2015.3294758961838,122.32641067185932
990,8302.93,341.21,2000,5,2000,4.82,2.0,2008.0398598428876,121.27462084266062
566,3936.47,169.32,997,25,1814,2.11,2.0,2007.2851590463072,102.66369791254851
346,8393.17,344.92,2000,6,2000,4.82,2.0,2006.8392483624875,121.12287343286562
195,3632.87,156.53,919,20,1824,2.06,2.0,2005.8559337425993,92.17537572956576
228,3767.71,162.06,972,16,1814,2.11,2.0,2003.688184437254,102.2820521759611
194,3822.92,164.43,975,13,1814,2.11,2.0,2003.688184437254,102.2820521759611
487,3775.89,162.41,967,19,1814,2.11,2.0,2003.5950594960846,102.27487231320174
115,3811.5,163.94,972,17,1814,2.11,2.0,2003.2909272130853,102.26872230255617
1106,3876.26,166.73,979,10,1814,2.11,2.0,2003.2909272130853,102.26872230255617
158,3744.48,161.06,975,14,1814,2.11,2.0,2003.2909272130853,102.26872230255617
1014,3932.88,169.04,967,12,1824,2.11,2.0,2001.6677701083468,102.11926548728616
2,3335.6,149.52,928,21,1814,2.0,2.0,1997.4321007801432,89.3689852365801
51,3384.47,151.2,931,18,1814,2.0,2.0,1997.4321007801432,89.3689852365801
329,9992.1,415.96,1979,102,2000,4.35,2.0,1994.9933703356346,106.31985294478909
149,3666.22,158.18,919,20,1824,2.05,2.0,1994.5083668152952,92.09036024514364
81,3616.55,155.56,919,20,1814,2.11,2.0,1991.84635919576,101.49507053649745
257,3723.4,160.15,925,14,1814,2.11,2.0,1991.84635919576,101.49507053649745
1242,3841.71,165.12,925,10,1824,2.11,2.0,1991.014728463604,101.4068224343498
119,3707.52,159.36,919,16,1824,2.11,2.0,1991.014728463604,101.4068224343498
307,3905.85,168.0,1171,36,1814,2.11,2.0,1987.1194252096661,102.86880382638128
172,3867.86,166.12,975,14,1814,2.14,2.0,1977.0072162772294,98.20218756329587
283,3756.9,161.35,967,22,1814,2.14,2.0,1977.0072162772294,98.20218756329587
110,3638.02,157.1,979,27,1757,2.11,2.0,1976.9536943794608,101.13315533835225
52,3563.57,155.4,919,20,1824,2.03,2.0,1972.0091528567164,91.92054765844068
360,4013.22,171.54,1106,29,1901,2.11,2.0,1970.6342162925625,101.45196347859473
1198,8944.5,367.58,1929,150,2000,4.82,2.0,1968.6460965755007,118.84260977187864
181,3967.3,169.58,1107,26,1901,2.11,2.0,1967.6895258170534,101.27854626109274
121,3734.54,160.39,919,20,1814,2.14,2.0,1966.6393774287915,97.5060641118755
411,3832.15,164.83,981,16,1814,2.11,2.0,1966.6379402376417,100.44700763842388
974,8259.09,339.41,2000,113,2000,4.82,2.0,1965.9578728161725,118.99094491146184
934,8398.37,345.14,2000,115,2000,4.82,2.0,1955.995723249423,118.3760382465955
327,8650.03,355.48,2000,117,2000,4.82,2.0,1955.6642726888033,118.3354527557417
314,3816.99,164.18,972,20,1814,2.11,2.0,1952.964424767018,99.7245630004818
481,3928.44,168.83,967,20,1826,2.11,2.0,1951.7061513561919,99.60765135378074
644,3883.13,166.88,967,19,1826,2.11,2.0,1951.543821471404,99.59235640897214
789,3893.9,167.37,967,15,1824,2.11,2.0,1951.0888944125454,99.54731636132101
544,9170.47,377.23,1979,107,2000,4.79,2.0,1950.8828359476665,118.30411846739753
1031,3796.08,163.16,967,17,1824,2.11,2.0,1950.7587751470105,99.53997163878785
248,3850.77,165.49,967,15,1826,2.11,2.0,1950.4447423426882,99.5101692172434
1086,3832.94,164.86,975,24,1814,2.11,2.0,1949.8363790619023,99.60038230189548
267,3912.31,168.28,981,13,1814,2.11,2.0,1948.7865647716376,99.52306427733083
474,3776.88,162.45,975,18,1814,2.11,2.0,1948.5929661258415,99.50539249367284
525,3844.87,165.13,975,22,1814,2.14,2.0,1948.1608852417196,96.81675925780087
64,3492.67,154.76,926,17,1824,2.0,2.0,1941.5417935711853,90.52507740270016
304,3720.51,159.91,919,20,1824,2.11,2.0,1941.442101376595,98.90299114005029
737,3839.29,165.0,967,17,1826,2.11,2.0,1941.3782266431408,99.05708354224203
471,3900.78,167.78,979,17,1814,2.11,2.0,1939.8209371927617,99.07701971126903
443,3788.89,162.97,972,24,1814,2.11,2.0,1939.8209371927617,99.07701971126903
173,3796.15,163.17,967,18,1824,2.11,2.0,1924.0398732962683,98.1843348787404
403,3919.85,168.46,967,16,1826,2.11,2.0,1923.6907645305653,98.15071672689078
408,3855.89,165.85,979,16,1814,2.11,2.0,1922.0244369187253,98.16391948183127
246,3714.08,159.51,934,19,1814,2.14,2.0,1921.6678029363688,95.32932466808734
127,3944.23,169.4,975,21,1814,2.14,2.0,1921.596114962544,95.49629919556901
241,3763.27,161.75,931,12,1824,2.11,2.0,1916.6572570416226,97.64500936988975
405,3751.19,161.23,926,17,1824,2.11,2.0,1916.6572570416226,97.64500936988975
174,8337.42,342.63,1418,1,2000,4.82,2.0,1912.985292639738,115.00518901692567
658,3898.84,167.45,975,20,1814,2.14,2.0,1900.215334003917,94.42979015963783
293,8376.87,344.25,2000,150,2000,4.82,2.0,1897.861553639985,114.9002556474561
672,8516.29,349.98,2000,151,2000,4.82,2.0,1897.840491382481,114.8985034154216
923,8429.84,346.43,2000,125,2000,4.82,2.0,1897.4347008018558,114.8183355955216
1180,8278.04,340.19,2000,141,2000,4.82,2.0,1897.427390277405,114.83529892849788
901,8276.26,340.12,2000,143,2000,4.82,2.0,1897.050836048184,114.78775284775088
706,8547.54,351.27,2000,153,2000,4.82,2.0,1897.0078600395343,114.81236834180709
1249,8485.62,348.82,2000,153,2000,4.81,2.0,1893.3566635754098,114.7444398099658
224,4014.19,171.59,1141,31,1901,2.11,2.0,1892.7658213414688,97.71439181036317
243,3968.28,169.62,1138,29,1901,2.11,2.0,1892.2983682842466,97.67118838429792
700,8787.87,361.39,2000,150,2000,4.8,2.0,1890.5584010064197,114.763910021225
372,8913.76,366.77,2000,124,2000,4.78,2.0,1882.7743072204241,114.53014281505011
875,8235.2,338.52,2000,104,2000,4.81,2.0,1866.5981899211956,113.30726005781753
68,3980.47,170.14,1107,32,1901,2.11,2.0,1861.2143512271593,95.85655602788847
7,4027.1,172.14,1138,26,1901,2.11,2.0,1837.4831267241768,94.82051070162993
288,8247.2,338.92,1334,3,2000,4.82,2.0,1822.5595165886211,109.0689307748637
610,8543.7,351.11,2000,159,2000,4.82,2.0,1822.305280224721,110.31407062435073
1060,8702.12,357.86,2000,159,2000,4.8,2.0,1815.8388100286961,110.2163009818812
26,8224.29,337.98,1334,4,2000,4.82,2.0,1794.5232968958408,107.40229080661106
512,8692.95,357.24,1889,335,2000,4.82,2.0,1771.2602413873794,107.57966418404226
830,8598.46,353.36,1889,334,2000,4.82,2.0,1771.2597629062955,107.57552732244676
1083,8592.92,353.13,1925,287,2000,4.82,2.0,1770.471452030533,107.42490890053159
1077,8539.12,350.92,2000,211,2000,4.82,2.0,1770.2021085998983,107.38455633923536
1184,8537.75,350.86,2000,208,2000,4.82,2.0,1769.4847567051306,107.27858972153467
313,8718.06,358.27,2000,207,2000,4.82,2.0,1769.2073746075705,107.23662367930979
1102,8639.27,355.04,2000,199,2000,4.82,2.0,1769.0435824809315,107.20374319460439
992,8551.67,351.44,2000,193,2000,4.82,2.0,1768.993386798149,107.19099884916409
911,8860.1,364.11,2000,205,2000,4.82,2.0,1768.9806924745087,107.19946393684972
1206,8554.02,351.53,2000,198,2000,4.82,2.0,1768.9473318138466,107.18803137938085
903,8566.56,352.05,2000,227,2000,4.82,2.0,1768.8712067885365,107.24377580564897
741,8813.68,362.2,2000,202,2000,4.82,2.0,1768.855428968868,107.18070257407089
571,8864.73,364.3,2000,204,2000,4.82,2.0,1768.8394299206923,107.17860653316939
1005,8485.25,348.8,2000,222,2000,4.81,2.0,1768.00605603996,107.50937670411167
961,8619.98,354.34,1979,233,2000,4.81,2.0,1767.313737115793,107.37656936176222
590,8798.15,361.66,2000,205,2000,4.81,2.0,1765.8301609684866,107.15148402879709
511,8839.16,363.5,1929,295,2000,4.8,2.0,1764.9418047112326,107.4823886780764
615,8852.25,364.04,1939,284,2000,4.8,2.0,1764.9414238255692,107.47826040047357
1218,8907.69,366.32,1889,334,2000,4.8,2.0,1764.9414238255692,107.47826040047357
611,8842.39,363.63,1927,303,2000,4.8,2.0,1762.1173203206147,107.08669640179369
1022,9122.1,375.24,2000,207,2000,4.79,2.0,1759.7685380309358,107.09208522408335
569,9089.82,373.91,1979,227,2000,4.79,2.0,1759.6273607162182,107.06876140663553
939,9127.65,375.49,2000,204,1999,4.79,2.0,1759.4210272540574,107.03471004147582
1098,9126.15,375.4,2000,204,2000,4.79,2.0,1759.4059781139226,107.03434144108701
398,9072.93,373.21,2000,201,2000,4.79,2.0,1759.379866070578,107.03073910637181
1075,9072.93,373.21,1997,204,2000,4.79,2.0,1759.379866070578,107.03073910637181
1144,9057.36,372.68,2000,207,2000,4.78,2.0,1756.632997228238,107.04362286671085
310,8831.32,363.38,2000,199,2000,4.78,2.0,1756.4727185975257,107.01093355348485
1042,9056.08,372.62,1979,226,2000,4.78,2.0,1756.4107968572225,107.00669352849945
542,9009.6,370.71,1979,223,2000,4.78,2.0,1756.2879289843142,106.98805219525593
212,9061.56,372.85,2000,204,2000,4.78,2.0,1756.272222212384,106.98597025502295
1034,9008.72,370.67,2000,201,2000,4.78,2.0,1756.2462323221766,106.98237391131079
296,8489.82,348.99,1979,253,2000,4.81,2.0,1637.2601519225836,99.34858188164708
437,8561.14,351.82,1901,337,2000,4.82,2.0,1583.511971967744,95.99733215919196
1056,8478.5,348.43,2000,244,2000,4.82,2.0,1535.9242677709203,93.0684723673744
625,8639.65,355.15,1939,303,2000,4.81,2.0,1534.3532677926319,93.17966093078144
1019,8283.57,340.42,2000,353,2000,4.82,2.0,1482.9629899689817,89.9614952354707
1078,8305.93,341.34,1979,364,2000,4.82,2.0,1482.725853194323,89.91671509306093
497,8961.77,368.29,2000,346,2000,4.82,2.0,1482.6588760059835,89.90500090388969
877,8556.64,351.64,1979,343,2000,4.82,2.0,1481.1995905252008,89.63475996462671
835,8533.95,350.71,2000,325,2000,4.82,2.0,1481.1451229846703,89.61959322172856
486,8633.88,354.91,2000,321,2000,4.81,2.0,1479.1379214499425,89.63351308016377
729,8497.63,349.31,1979,343,2000,4.81,2.0,1479.1040367668736,89.62749618455041
1141,8497.63,349.31,1929,393,2000,4.81,2.0,1479.1040367668736,89.62749618455041
353,8760.52,360.27,2000,348,2000,4.8,2.0,1478.3969170072085,89.87578135341437
399,8684.01,356.87,2000,282,2000,4.82,2.0,1476.0303724553687,89.2144570408841
484,8647.6,355.38,2000,272,2000,4.82,2.0,1475.8483252703145,89.16473085448206
1135,8767.07,360.29,2000,287,2000,4.82,2.0,1475.6406804903438,89.15067437148673
1177,8768.28,360.36,2000,289,1999,4.82,2.0,1475.611845721718,89.14998359925994
614,8433.75,346.59,2000,290,2000,4.82,2.0,1475.611628024639,89.15457470962042
931,8866.84,364.74,1889,431,2000,4.79,2.0,1475.0178552621271,89.62945725769123
453,8699.47,357.51,1917,335,2000,4.82,2.0,1474.1250743681028,89.14639468896712
218,9108.46,374.78,2000,287,2000,4.78,2.0,1467.7562389367017,89.14821037360684
1223,9108.54,374.78,1933,355,2000,4.78,2.0,1467.6588587602355,89.13494947529534
449,8780.01,360.82,2000,347,2000,4.82,2.0,1458.9154895396755,88.46923981034047
215,8466.0,347.91,2000,337,2000,4.82,2.0,1458.48627252779,88.38903333252551
433,8612.11,353.92,2000,319,2000,4.82,2.0,1457.632160158294,88.21496727188355
865,8261.59,339.51,1889,424,2000,4.82,2.0,1457.25213494304,88.12334193864353
704,8289.88,340.68,1917,353,2000,4.82,2.0,1452.46057545511,87.73794150740264
842,8868.04,364.79,2000,319,2000,4.79,2.0,1451.4532947936189,88.1930966721161
1217,9087.52,373.71,2000,276,2000,4.8,2.0,1448.2936261693465,87.708031330204
369,8670.03,356.32,2000,269,1999,4.82,2.0,1429.5746978489587,86.3538220000114
554,8794.77,361.43,2000,269,2000,4.82,2.0,1429.4641248940295,86.34754598408517
608,8772.28,360.5,2000,277,2000,4.82,2.0,1429.3557870110471,86.34041376061668
400,8783.32,361.3,1976,342,2000,4.79,2.0,1428.3709968544924,86.77612578978801
768,8380.0,344.47,1939,319,2000,4.81,2.0,1428.3047144835502,86.48623174795853
591,8815.46,362.53,1979,289,2000,4.8,2.0,1425.6915247612012,86.34125412039543
1134,9115.77,375.08,2000,274,2000,4.78,2.0,1421.769890856016,86.3341401175428
547,9130.87,375.8,1997,282,2000,4.77,2.0,1419.9938615447581,86.36819717062326
1137,8281.46,340.33,1917,386,2000,4.82,2.0,1410.880947097349,88.761042129967
800,9182.34,377.72,2000,267,2000,4.79,2.0,1401.5117894204984,91.12975170254242
390,9183.67,377.8,2000,267,1999,4.79,2.0,1401.3532371747021,91.23552353524076
467,9134.71,375.96,2000,267,2000,4.77,2.0,1397.7620973367984,91.12975170254242
392,8417.04,345.9,1928,337,2000,4.82,2.0,1384.870193596256,105.52454086037903
492,8711.95,358.02,1979,282,2000,4.82,2.0,1373.8885040572063,83.05719418176432
139,9095.2,374.13,1979,282,2000,4.79,2.0,1368.9873842416573,83.09257771597049
929,8571.01,352.26,2000,282,1999,4.82,2.0,1366.8935686704015,117.3494140106103
582,8511.48,349.88,1929,352,2000,4.81,2.0,1364.9376298485154,117.40740671166384
808,8326.27,342.17,1907,373,2000,4.82,2.0,1345.2575017517497,131.245881825805
769,9085.98,373.65,1927,353,2000,4.8,2.0,1341.4587593827855,131.37482289495244
847,9113.28,374.98,1979,301,2000,4.78,2.0,1337.6701806851056,131.5037639640998
505,5840.84,206.06,930,21,126,3.45,2.0,988.533011479492,25.037758520508078
965,5914.79,208.66,932,20,126,3.45,2.0,978.0864411086646,33.132286891335184
1191,5665.54,199.87,904,22,126,3.45,2.0,975.4552694693464,34.61671580964787
386,5802.9,204.72,931,18,126,3.45,2.0,971.8053207688348,41.31621873116512
913,5720.11,201.8,919,21,126,3.45,2.0,966.2386813112807,33.76131868871926
531,6025.84,212.58,934,17,126,3.45,2.0,958.1429346255429,49.15908577445714
535,6425.72,226.69,941,1,126,3.45,2.0,936.2286735156617,63.77132648433826
389,9286.29,383.03,464,42,2000,4.69,2.0,536.5348333351128,463.4651666648872
196,9286.32,383.03,450,55,2000,4.69,2.0,530.1402806457783,469.85971935422174
265,9361.86,386.56,450,50,2000,4.65,2.0,498.9886723124395,501.0113276875605
107,9707.1,400.49,450,36,2000,4.68,2.0,426.4028944516089,573.597105548391
101,9782.29,403.49,400,86,2000,4.69,2.0,426.4028944516089,573.597105548391
598,9851.61,406.79,450,36,2000,4.65,2.0,426.4028944516089,573.597105548391
601,9782.29,403.49,450,36,2000,4.69,2.0,426.4028944516089,573.597105548391
44,9851.61,406.79,400,86,2000,4.65,2.0,426.4028944516089,573.597105548391
613,9707.1,400.49,400,86,2000,4.68,2.0,426.4028944516089,573.597105548391
160,9556.5,394.07,400,86,2000,4.7,2.0,426.4028944516089,573.597105548391
351,9556.5,394.07,450,36,2000,4.7,2.0,426.4028944516089,573.597105548391
240,9860.11,407.14,450,33,2000,4.65,2.0,411.180739275693,588.819260724307
252,9790.76,403.84,450,33,2000,4.69,2.0,411.180739275693,588.819260724307
276,9715.49,400.84,450,33,2000,4.68,2.0,411.180739275693,588.819260724307
641,9797.63,404.12,450,26,2000,4.69,2.0,378.17794615955273,621.8220538404473
999,9647.56,398.15,400,76,2000,4.67,2.0,378.17794615955273,621.8220538404473
330,9653.43,398.39,400,75,2000,4.67,2.0,373.69418539477056,626.3058146052294
66,9873.18,407.68,450,25,2000,4.65,2.0,373.69418539477056,626.3058146052294
39,9803.62,404.37,450,25,2000,4.69,2.0,373.69418539477056,626.3058146052294
94,9728.22,401.37,450,25,2000,4.68,2.0,373.69418539477056,626.3058146052294
73,9577.39,394.93,450,25,2000,4.7,2.0,373.69418539477056,626.3058146052294
161,9359.67,385.92,450,24,2000,4.69,2.0,369.11992849334086,630.8800715066591
97,9752.22,402.68,400,73,2000,4.65,2.0,364.5575664874424,635.4424335125576
144,9535.18,393.51,400,73,2000,4.67,2.0,364.5575664874424,635.4424335125576
92,9609.05,396.45,456,17,2000,4.68,2.0,364.5575664874424,635.4424335125576
661,9871.54,407.61,450,22,2000,4.65,2.0,359.9550480739492,640.0449519260508
680,9726.63,401.3,450,22,2000,4.68,2.0,359.9550480739492,640.0449519260508
439,9575.81,394.86,422,50,2000,4.7,2.0,359.9550480739492,640.0449519260508
1085,9651.85,398.32,450,22,2000,4.67,2.0,359.9550480739492,640.0449519260508
321,9865.01,407.34,450,19,2000,4.65,2.0,347.32096567152496,652.679034328475
892,9720.15,401.03,450,19,2000,4.68,2.0,347.32096567152496,652.679034328475
915,9795.38,404.03,450,19,2000,4.69,2.0,347.32096567152496,652.679034328475
348,9645.44,398.06,450,19,2000,4.67,2.0,347.32096567152496,652.679034328475
96,9751.13,402.64,450,17,2000,4.65,2.0,338.9839491549343,661.0160508450657
76,9607.98,396.4,450,17,2000,4.68,2.0,338.9839491549343,661.0160508450657
233,9459.0,390.05,450,17,2000,4.7,2.0,338.9839491549343,661.0160508450657
150,9682.44,399.37,450,17,2000,4.69,2.0,338.9839491549343,661.0160508450657
1101,9534.12,393.46,450,17,2000,4.67,2.0,338.9839491549343,661.0160508450657
237,9460.43,390.13,450,17,1999,4.7,2.0,334.8884026049123,665.1115973950878
100,9683.94,399.46,450,17,1999,4.69,2.0,334.8884026049123,665.1115973950878
143,9566.46,394.58,450,14,2000,4.69,2.0,326.8523813529125,673.1476186470875
71,9345.71,385.37,400,64,2000,4.7,2.0,326.8523813529125,673.1476186470875
1107,9492.89,391.66,400,64,2000,4.68,2.0,326.8523813529125,673.1476186470875
93,9634.34,397.82,400,64,2000,4.65,2.0,326.8523813529125,673.1476186470875
527,9634.34,397.82,450,14,2000,4.65,2.0,326.8523813529125,673.1476186470875
171,9492.89,391.66,450,14,2000,4.68,2.0,326.8523813529125,673.1476186470875
125,9487.17,391.42,400,63,2000,4.68,2.0,322.99891403281964,677.0010859671804
260,9517.65,393.0,400,62,2000,4.65,2.0,319.16578913005617,680.8342108699438
1118,9375.75,386.82,400,55,2000,4.68,2.0,293.8180158459466,706.1819841540535
371,9374.94,386.72,400,51,2000,4.68,2.0,279.9856246275622,720.0143753724378
457,9514.36,392.86,393,57,2000,4.65,2.0,276.64133234708964,723.3586676529103
216,9528.0,393.35,393,54,2000,4.65,2.0,266.7582855274189,733.2417144725812
1239,9719.62,401.01,382,63,2000,4.68,2.0,260.4260402947145,739.5739597052855
0,1049.58,0.0,62,62,354,12.67,2.0,63.2330024044852,937.5169975955148
3,1049.58,0.0,62,62,354,12.67,5.48,0.6742235909112416,1000.0757764090888
