PNL,Max_Drawdown,slow_ma_period,fast_ma_period,atr_period,takeprofit,stoploss
28524439.35,0.0, 604, 7, 696, 41.42, 9.7
28462169.72,0.0, 604, 7, 696, 41.4, 9.7
28444389.03,0.0, 604, 7, 696, 41.42, 9.71
28431077.4,0.0, 604, 7, 696, 41.39, 9.7
28400013.39,0.0, 604, 7, 696, 41.38, 9.7
28382294.16,0.0, 604, 7, 696, 41.4, 9.71
28368977.65,0.0, 604, 7, 696, 41.37, 9.7
28364514.59,0.0, 604, 7, 696, 41.42, 9.72
28351289.1,0.0, 604, 7, 696, 41.39, 9.71
28320312.26,0.0, 604, 7, 696, 41.38, 9.71
28302594.08,0.0, 604, 7, 696, 41.4, 9.72
28289363.63,0.0, 604, 7, 696, 41.37, 9.71
28284815.71,0.0, 604, 7, 696, 41.42, 9.73
28276039.93,0.0, 604, 7, 696, 41.34, 9.7
28271676.09,0.0, 604, 7, 696, 41.39, 9.72
28223069.19,0.0, 604, 7, 696, 41.4, 9.73
28209924.5,0.0, 604, 7, 696, 41.37, 9.72
28205292.11,0.0, 604, 7, 696, 41.42, 9.74
28196686.72,0.0, 604, 7, 696, 41.34, 9.71
28192238.07,0.0, 604, 7, 696, 41.39, 9.73
28152517.67,0.0, 604, 7, 696, 41.3, 9.7
28143719.2,0.0, 604, 7, 696, 41.4, 9.74
28130660.0,0.0, 604, 7, 696, 41.37, 9.73
28125943.49,0.0, 604, 7, 696, 41.42, 9.75
28117507.85,0.0, 604, 7, 696, 41.34, 9.72
28112974.76,0.0, 604, 7, 696, 41.39, 9.74
28082258.3,0.0, 604, 7, 696, 41.38, 9.74
28073511.11,0.0, 604, 7, 696, 41.3, 9.71
28064543.8,0.0, 604, 7, 696, 41.4, 9.75
28060171.27,0.0, 604, 7, 696, 41.27, 9.7
28051569.81,0.0, 604, 7, 696, 41.37, 9.74
28046769.56,0.0, 604, 7, 696, 41.42, 9.76
28038503.02,0.0, 604, 7, 696, 41.34, 9.73
28033885.85,0.0, 604, 7, 696, 41.39, 9.75
27998747.32,0.0, 604, 7, 696, 41.25, 9.7
27994678.12,0.0, 604, 7, 696, 41.3, 9.72
27985542.7,0.0, 604, 7, 696, 41.4, 9.76
27981423.87,0.0, 604, 7, 696, 41.27, 9.71
27972653.65,0.0, 604, 7, 696, 41.37, 9.75
27967770.03,0.0, 604, 7, 696, 41.42, 9.77
27959671.93,0.0, 604, 7, 696, 41.34, 9.74
27954971.06,0.0, 604, 7, 696, 41.39, 9.76
27920172.3,0.0, 604, 7, 696, 41.25, 9.71
27916018.42,0.0, 604, 7, 696, 41.3, 9.73
27906715.62,0.0, 604, 7, 696, 41.4, 9.77
27902849.48,0.0, 604, 7, 696, 41.27, 9.72
27893911.23,0.0, 604, 7, 696, 41.37, 9.76
27881014.31,0.0, 604, 7, 696, 41.34, 9.75
27876230.09,0.0, 604, 7, 696, 41.39, 9.77
27841769.9,0.0, 604, 7, 696, 41.25, 9.72
27837531.7,0.0, 604, 7, 696, 41.3, 9.74
27824447.79,0.0, 604, 7, 696, 41.27, 9.73
27815342.25,0.0, 604, 7, 696, 41.37, 9.77
27802529.84,0.0, 604, 7, 696, 41.34, 9.76
27763539.84,0.0, 604, 7, 696, 41.25, 9.73
27759217.69,0.0, 604, 7, 696, 41.3, 9.75
27746218.53,0.0, 604, 7, 696, 41.27, 9.74
27724218.26,0.0, 604, 7, 696, 41.34, 9.77
27723723.91,0.0, 604, 7, 696, 41.16, 9.7
27693305.18,0.0, 604, 7, 696, 41.15, 9.7
27681076.08,0.0, 604, 7, 696, 41.3, 9.76
27668161.4,0.0, 604, 7, 696, 41.27, 9.75
27646550.08,0.0, 604, 7, 696, 41.13, 9.7
27645920.71,0.0, 604, 7, 696, 41.16, 9.71
27616199.36,0.0, 604, 7, 696, 41.12, 9.7
27615587.34,0.0, 604, 7, 696, 41.15, 9.71
27607595.56,0.0, 604, 7, 696, 41.25, 9.75
27603106.6,0.0, 604, 7, 696, 41.3, 9.77
27590276.12,0.0, 604, 7, 696, 41.27, 9.76
27568982.82,0.0, 604, 7, 696, 41.13, 9.71
27568288.43,0.0, 604, 7, 696, 41.16, 9.72
27538717.24,0.0, 604, 7, 696, 41.12, 9.71
27538040.25,0.0, 604, 7, 696, 41.15, 9.72
27529880.77,0.0, 604, 7, 696, 41.25, 9.76
27525313.68,0.0, 604, 7, 696, 41.09, 9.7
27512562.39,0.0, 604, 7, 696, 41.27, 9.77
27491585.91,0.0, 604, 7, 696, 41.13, 9.72
27490826.8,0.0, 604, 7, 696, 41.16, 9.73
27480756.88,0.0, 610, 5, 692, 41.48, 9.7
27480756.88,0.0, 609, 6, 692, 41.48, 9.7
27479588.34,0.0, 612, 5, 690, 41.49, 9.7
27464861.77,0.0, 604, 7, 696, 41.07, 9.7
27461405.3,0.0, 604, 7, 696, 41.12, 9.72
27460663.61,0.0, 604, 7, 696, 41.15, 9.73
27452337.16,0.0, 604, 7, 696, 41.25, 9.77
27449634.8,0.0, 612, 5, 690, 41.48, 9.7
27448086.56,0.0, 604, 7, 696, 41.09, 9.71
27433646.38,0.0, 609, 6, 692, 41.49, 9.71
27420858.49,0.0, 609, 6, 692, 41.46, 9.7
27414359.07,0.0, 604, 7, 696, 41.13, 9.73
27413535.52,0.0, 604, 7, 696, 41.16, 9.74
27403740.39,0.0, 609, 6, 692, 41.48, 9.71
27403740.39,0.0, 610, 5, 692, 41.48, 9.71
27402577.74,0.0, 612, 5, 690, 41.49, 9.71
27389809.32,0.0, 612, 5, 690, 41.46, 9.7
27387804.26,0.0, 604, 7, 696, 41.07, 9.71
27384263.25,0.0, 604, 7, 696, 41.12, 9.73
27383457.14,0.0, 604, 7, 696, 41.15, 9.74
27372708.15,0.0, 612, 5, 690, 41.48, 9.71
27371029.06,0.0, 604, 7, 696, 41.09, 9.72
27344009.86,0.0, 610, 5, 692, 41.46, 9.71
27344009.86,0.0, 609, 6, 692, 41.46, 9.71
27337302.03,0.0, 604, 7, 696, 41.13, 9.74
27336414.32,0.0, 604, 7, 696, 41.16, 9.75
27326892.82,0.0, 609, 6, 692, 41.48, 9.72
27326892.82,0.0, 610, 5, 692, 41.48, 9.72
27325736.05,0.0, 612, 5, 690, 41.49, 9.72
27314215.74,0.0, 604, 7, 696, 41.02, 9.7
27313050.33,0.0, 612, 5, 690, 41.46, 9.71
27310915.99,0.0, 604, 7, 696, 41.07, 9.72
27307290.79,0.0, 604, 7, 696, 41.12, 9.74
27306420.55,0.0, 604, 7, 696, 41.15, 9.75
27301387.98,0.0, 609, 6, 692, 41.42, 9.7
27301387.98,0.0, 610, 5, 692, 41.42, 9.7
27295950.21,0.0, 612, 5, 690, 41.48, 9.72
27294140.88,0.0, 604, 7, 696, 41.09, 9.73
27270484.2,0.0, 612, 5, 690, 41.42, 9.7
27267329.8,0.0, 610, 5, 692, 41.46, 9.72
27267329.8,0.0, 609, 6, 692, 41.46, 9.72
27260414.48,0.0, 604, 7, 696, 41.13, 9.75
27259462.89,0.0, 604, 7, 696, 41.16, 9.76
27250213.91,0.0, 610, 5, 692, 41.48, 9.73
27250213.91,0.0, 609, 6, 692, 41.48, 9.73
27249062.97,0.0, 612, 5, 690, 41.49, 9.73
27241815.53,0.0, 609, 6, 692, 41.4, 9.7
27241815.53,0.0, 610, 5, 692, 41.4, 9.7
27237580.9,0.0, 604, 7, 696, 41.02, 9.71
27234196.68,0.0, 604, 7, 696, 41.07, 9.73
27231396.87,0.0, 606, 3, 698, 41.42, 9.71
27230487.66,0.0, 604, 7, 696, 41.12, 9.75
27229553.56,0.0, 604, 7, 696, 41.15, 9.76
27224874.17,0.0, 610, 5, 692, 41.42, 9.71
27224874.17,0.0, 609, 6, 692, 41.42, 9.71
27219360.71,0.0, 612, 5, 690, 41.48, 9.73
27217421.74,0.0, 604, 7, 696, 41.09, 9.74
27212069.95,0.0, 610, 5, 692, 41.39, 9.7
27212069.95,0.0, 609, 6, 692, 41.39, 9.7
27210984.25,0.0, 612, 5, 690, 41.4, 9.7
27203358.33,0.0, 609, 6, 692, 41.49, 9.74
27194059.61,0.0, 612, 5, 690, 41.42, 9.71
27190818.03,0.0, 610, 5, 692, 41.46, 9.73
27190818.03,0.0, 609, 6, 692, 41.46, 9.73
27183696.15,0.0, 604, 7, 696, 41.13, 9.76
27182680.97,0.0, 604, 7, 696, 41.16, 9.77
27182351.43,0.0, 610, 5, 692, 41.38, 9.7
27182351.43,0.0, 609, 6, 692, 41.38, 9.7
27181274.85,0.0, 612, 5, 690, 41.39, 9.7
27173703.38,0.0, 610, 5, 692, 41.48, 9.74
27173703.38,0.0, 609, 6, 692, 41.48, 9.74
27172558.22,0.0, 612, 5, 690, 41.49, 9.74
27171952.53,0.0, 606, 3, 698, 41.4, 9.71
27165468.68,0.0, 610, 5, 692, 41.4, 9.71
27165468.68,0.0, 609, 6, 692, 41.4, 9.71
27161114.37,0.0, 604, 7, 696, 41.02, 9.72
27160037.1,0.0, 612, 5, 690, 41.46, 9.73
27157646.04,0.0, 604, 7, 696, 41.07, 9.74
27154968.96,0.0, 606, 3, 698, 41.42, 9.72
27153853.55,0.0, 604, 7, 696, 41.12, 9.76
27152855.88,0.0, 604, 7, 696, 41.15, 9.77
27152659.95,0.0, 609, 6, 692, 41.37, 9.7
27152659.95,0.0, 610, 5, 692, 41.37, 9.7
27151592.49,0.0, 612, 5, 690, 41.38, 9.7
27148528.2,0.0, 609, 6, 692, 41.42, 9.72
27148528.2,0.0, 610, 5, 692, 41.42, 9.72
27142939.36,0.0, 612, 5, 690, 41.48, 9.74
27142270.92,0.0, 606, 3, 698, 41.39, 9.71
27140871.36,0.0, 604, 7, 696, 41.09, 9.75
27135806.46,0.0, 609, 6, 692, 41.39, 9.71
27135806.46,0.0, 610, 5, 692, 41.39, 9.71
27134726.41,0.0, 612, 5, 690, 41.4, 9.71
27121937.13,0.0, 612, 5, 690, 41.37, 9.7
27117802.64,0.0, 612, 5, 690, 41.42, 9.72
27114474.25,0.0, 610, 5, 692, 41.46, 9.74
27107146.75,0.0, 604, 7, 696, 41.13, 9.77
27106171.23,0.0, 610, 5, 692, 41.38, 9.71
27105100.27,0.0, 612, 5, 690, 41.39, 9.71
27097360.92,0.0, 610, 5, 692, 41.48, 9.75
27097360.92,0.0, 609, 6, 692, 41.48, 9.75
27096221.53,0.0, 612, 5, 690, 41.49, 9.75
27095691.46,0.0, 606, 3, 698, 41.4, 9.72
27089289.3,0.0, 609, 6, 692, 41.4, 9.72
27089289.3,0.0, 610, 5, 692, 41.4, 9.72
27084815.86,0.0, 604, 7, 696, 41.02, 9.73
27083782.31,0.0, 612, 5, 690, 41.46, 9.74
27082988.74,0.0, 606, 3, 698, 41.37, 9.71
27081263.78,0.0, 604, 7, 696, 41.07, 9.75
27078708.98,0.0, 606, 3, 698, 41.42, 9.73
27077388.19,0.0, 604, 7, 696, 41.12, 9.77
27076562.96,0.0, 609, 6, 692, 41.37, 9.71
27076562.96,0.0, 610, 5, 692, 41.37, 9.71
27072349.78,0.0, 610, 5, 692, 41.42, 9.73
27072349.78,0.0, 609, 6, 692, 41.42, 9.73
27066685.87,0.0, 612, 5, 690, 41.48, 9.75
27066093.16,0.0, 606, 3, 698, 41.39, 9.72
27064489.46,0.0, 604, 7, 696, 41.09, 9.76
27063747.58,0.0, 610, 5, 692, 41.34, 9.7
27063747.58,0.0, 609, 6, 692, 41.34, 9.7
27059710.26,0.0, 610, 5, 692, 41.39, 9.72
27059710.26,0.0, 609, 6, 692, 41.39, 9.72
27058635.81,0.0, 612, 5, 690, 41.4, 9.72
27050674.79,0.0, 609, 6, 692, 41.49, 9.76
27046971.65,0.0, 612, 5, 690, 41.34, 9.7
27045928.84,0.0, 612, 5, 690, 41.37, 9.71
27041713.0,0.0, 612, 5, 690, 41.42, 9.73
27038298.2,0.0, 609, 6, 692, 41.46, 9.75
27036521.79,0.0, 606, 3, 698, 41.38, 9.72
27030158.13,0.0, 610, 5, 692, 41.38, 9.72
27029092.76,0.0, 612, 5, 690, 41.39, 9.72
27021186.28,0.0, 610, 5, 692, 41.48, 9.76
27021186.28,0.0, 609, 6, 692, 41.48, 9.76
27020052.61,0.0, 612, 5, 690, 41.49, 9.76
27019597.94,0.0, 606, 3, 698, 41.4, 9.73
27013277.1,0.0, 610, 5, 692, 41.4, 9.73
27013277.1,0.0, 609, 6, 692, 41.4, 9.73
27008685.1,0.0, 604, 7, 696, 41.02, 9.74
27007695.02,0.0, 612, 5, 690, 41.46, 9.75
27006977.36,0.0, 606, 3, 698, 41.37, 9.72
27005049.63,0.0, 604, 7, 696, 41.07, 9.76
27002616.63,0.0, 606, 3, 698, 41.42, 9.74
27000632.9,0.0, 610, 5, 692, 41.37, 9.72
27000632.9,0.0, 609, 6, 692, 41.37, 9.72
26996338.63,0.0, 610, 5, 692, 41.42, 9.74
26996338.63,0.0, 609, 6, 692, 41.42, 9.74
26994267.75,0.0, 606, 3, 698, 41.34, 9.71
26990599.98,0.0, 612, 5, 690, 41.48, 9.76
26990082.76,0.0, 606, 3, 698, 41.39, 9.73
26988275.75,0.0, 604, 7, 696, 41.09, 9.77
26987899.78,0.0, 609, 6, 692, 41.34, 9.71
26987899.78,0.0, 610, 5, 692, 41.34, 9.71
26983781.06,0.0, 609, 6, 692, 41.39, 9.73
26983781.06,0.0, 610, 5, 692, 41.39, 9.73
26982712.19,0.0, 612, 5, 690, 41.4, 9.73
26974584.72,0.0, 609, 6, 692, 41.49, 9.77
26971192.57,0.0, 612, 5, 690, 41.34, 9.71
26970087.25,0.0, 612, 5, 690, 41.37, 9.72
26965790.42,0.0, 612, 5, 690, 41.42, 9.74
26962289.59,0.0, 610, 5, 692, 41.46, 9.76
26959325.57,0.0, 610, 5, 692, 41.3, 9.7
26959325.57,0.0, 609, 6, 692, 41.3, 9.7
26954311.86,0.0, 609, 6, 692, 41.38, 9.73
26953252.03,0.0, 612, 5, 690, 41.39, 9.73
26945179.15,0.0, 610, 5, 692, 41.48, 9.77
26945179.15,0.0, 609, 6, 692, 41.48, 9.77
26944051.18,0.0, 612, 5, 690, 41.49, 9.77
26943671.7,0.0, 606, 3, 698, 41.4, 9.74
26937431.81,0.0, 609, 6, 692, 41.4, 9.74
26937431.81,0.0, 610, 5, 692, 41.4, 9.74
26935255.05,0.0, 606, 3, 698, 41.32, 9.71
26932721.81,0.0, 604, 7, 696, 41.02, 9.75
26931774.95,0.0, 612, 5, 690, 41.46, 9.76
26931132.98,0.0, 606, 3, 698, 41.37, 9.73
26929003.3,0.0, 604, 7, 696, 41.07, 9.77
26928925.47,0.0, 610, 5, 692, 41.32, 9.71
26928925.47,0.0, 609, 6, 692, 41.32, 9.71
26928882.54,0.0, 612, 5, 690, 41.3, 9.7
26926691.64,0.0, 606, 3, 698, 41.42, 9.75
26924869.47,0.0, 609, 6, 692, 41.37, 9.73
26924869.47,0.0, 610, 5, 692, 41.37, 9.73
26920494.47,0.0, 610, 5, 692, 41.42, 9.75
26920494.47,0.0, 609, 6, 692, 41.42, 9.75
26918505.37,0.0, 606, 3, 698, 41.34, 9.72
26914681.39,0.0, 612, 5, 690, 41.48, 9.77
26914239.46,0.0, 606, 3, 698, 41.39, 9.74
26912259.78,0.0, 612, 5, 690, 41.32, 9.71
26912218.35,0.0, 610, 5, 692, 41.34, 9.72
26912218.35,0.0, 609, 6, 692, 41.34, 9.72
26908018.59,0.0, 609, 6, 692, 41.39, 9.74
26908018.59,0.0, 610, 5, 692, 41.39, 9.74
26906955.26,0.0, 612, 5, 690, 41.4, 9.74
26895579.63,0.0, 612, 5, 690, 41.34, 9.72
26894412.08,0.0, 612, 5, 690, 41.37, 9.73
26890034.6,0.0, 612, 5, 690, 41.42, 9.75
26886448.14,0.0, 609, 6, 692, 41.46, 9.77
26886448.14,0.0, 610, 5, 692, 41.46, 9.77
26883789.41,0.0, 610, 5, 692, 41.3, 9.71
26883789.41,0.0, 609, 6, 692, 41.3, 9.71
26878632.12,0.0, 610, 5, 692, 41.38, 9.74
26877577.8,0.0, 612, 5, 690, 41.39, 9.74
26876349.87,0.0, 606, 3, 698, 41.3, 9.71
26870933.56,0.0, 609, 6, 692, 41.27, 9.7
26870933.56,0.0, 610, 5, 692, 41.27, 9.7
26867912.45,0.0, 606, 3, 698, 41.4, 9.75
26861753.15,0.0, 610, 5, 692, 41.4, 9.75
26861753.15,0.0, 609, 6, 692, 41.4, 9.75
26856925.69,0.0, 604, 7, 696, 41.02, 9.76
26855455.32,0.0, 606, 3, 698, 41.37, 9.74
26853434.31,0.0, 612, 5, 690, 41.3, 9.71
26853409.42,0.0, 610, 5, 692, 41.32, 9.72
26850933.73,0.0, 606, 3, 698, 41.42, 9.76
26849272.4,0.0, 609, 6, 692, 41.37, 9.74
26849272.4,0.0, 610, 5, 692, 41.37, 9.74
26848227.08,0.0, 612, 5, 690, 41.38, 9.74
26844817.02,0.0, 610, 5, 692, 41.42, 9.76
26844817.02,0.0, 609, 6, 692, 41.42, 9.76
26842909.45,0.0, 606, 3, 698, 41.34, 9.73
26840597.86,0.0, 612, 5, 690, 41.27, 9.7
26838562.96,0.0, 606, 3, 698, 41.39, 9.75
26836703.01,0.0, 609, 6, 692, 41.34, 9.73
26836703.01,0.0, 610, 5, 692, 41.34, 9.73
26832422.56,0.0, 609, 6, 692, 41.39, 9.75
26832422.56,0.0, 610, 5, 692, 41.39, 9.75
26831364.73,0.0, 612, 5, 690, 41.4, 9.75
26824061.77,0.0, 612, 5, 690, 41.29, 9.71
26820132.56,0.0, 612, 5, 690, 41.34, 9.73
26818903.06,0.0, 612, 5, 690, 41.37, 9.74
26814445.28,0.0, 612, 5, 690, 41.42, 9.76
26812139.8,0.0, 609, 6, 692, 41.25, 9.7
26812139.8,0.0, 610, 5, 692, 41.25, 9.7
26808418.89,0.0, 610, 5, 692, 41.3, 9.72
26808418.89,0.0, 609, 6, 692, 41.3, 9.72
26802069.81,0.0, 612, 5, 690, 41.39, 9.75
26800918.43,0.0, 606, 3, 698, 41.3, 9.72
26795645.07,0.0, 609, 6, 692, 41.27, 9.71
26795645.07,0.0, 610, 5, 692, 41.27, 9.71
26792319.91,0.0, 606, 3, 698, 41.4, 9.76
26788193.34,0.0, 606, 3, 698, 41.27, 9.71
26786240.83,0.0, 610, 5, 692, 41.4, 9.76
26786240.83,0.0, 609, 6, 692, 41.4, 9.76
26781875.48,0.0, 612, 5, 690, 41.25, 9.7
26781296.48,0.0, 604, 7, 696, 41.02, 9.77
26779944.12,0.0, 606, 3, 698, 41.37, 9.75
26778151.51,0.0, 612, 5, 690, 41.3, 9.72
26775342.61,0.0, 606, 3, 698, 41.42, 9.77
26773841.41,0.0, 609, 6, 692, 41.37, 9.75
26773841.41,0.0, 610, 5, 692, 41.37, 9.75
26769306.0,0.0, 610, 5, 692, 41.42, 9.77
26769306.0,0.0, 609, 6, 692, 41.42, 9.77
26767479.71,0.0, 606, 3, 698, 41.34, 9.74
26765396.99,0.0, 612, 5, 690, 41.27, 9.71
26763053.0,0.0, 606, 3, 698, 41.39, 9.76
26761529.85,0.0, 612, 5, 690, 41.32, 9.73
26761353.49,0.0, 609, 6, 692, 41.34, 9.74
26761353.49,0.0, 610, 5, 692, 41.34, 9.74
26756992.69,0.0, 610, 5, 692, 41.39, 9.76
26756992.69,0.0, 609, 6, 692, 41.39, 9.76
26755940.34,0.0, 612, 5, 690, 41.4, 9.76
26744851.09,0.0, 612, 5, 690, 41.34, 9.74
26743559.9,0.0, 612, 5, 690, 41.37, 9.75
26739022.18,0.0, 612, 5, 690, 41.42, 9.77
26737016.04,0.0, 610, 5, 692, 41.25, 9.71
26737016.04,0.0, 609, 6, 692, 41.25, 9.71
26733213.73,0.0, 610, 5, 692, 41.3, 9.73
26733213.73,0.0, 609, 6, 692, 41.3, 9.73
26729556.27,0.0, 606, 3, 698, 41.25, 9.71
26727771.16,0.0, 610, 5, 692, 41.38, 9.76
26726727.76,0.0, 612, 5, 690, 41.39, 9.76
26725652.74,0.0, 606, 3, 698, 41.3, 9.73
26720521.67,0.0, 609, 6, 692, 41.27, 9.72
26720521.67,0.0, 610, 5, 692, 41.27, 9.72
26716893.81,0.0, 606, 3, 698, 41.4, 9.77
26713009.33,0.0, 606, 3, 698, 41.27, 9.72
26710894.58,0.0, 610, 5, 692, 41.4, 9.77
26710894.58,0.0, 609, 6, 692, 41.4, 9.77
26706839.13,0.0, 612, 5, 690, 41.25, 9.71
26704599.08,0.0, 606, 3, 698, 41.37, 9.76
26703033.85,0.0, 612, 5, 690, 41.3, 9.73
26698576.23,0.0, 609, 6, 692, 41.37, 9.76
26698576.23,0.0, 610, 5, 692, 41.37, 9.76
26692215.87,0.0, 606, 3, 698, 41.34, 9.75
26690360.99,0.0, 612, 5, 690, 41.27, 9.72
26687709.29,0.0, 606, 3, 698, 41.39, 9.77
26686169.5,0.0, 609, 6, 692, 41.34, 9.75
26686169.5,0.0, 610, 5, 692, 41.34, 9.75
26681728.71,0.0, 609, 6, 692, 41.39, 9.77
26681728.71,0.0, 610, 5, 692, 41.39, 9.77
26680681.79,0.0, 612, 5, 690, 41.4, 9.77
26669734.92,0.0, 612, 5, 690, 41.34, 9.75
26668382.33,0.0, 612, 5, 690, 41.37, 9.76
26662057.01,0.0, 609, 6, 692, 41.25, 9.72
26662057.01,0.0, 610, 5, 692, 41.25, 9.72
26658551.34,0.0, 606, 3, 698, 41.38, 9.77
26658173.66,0.0, 610, 5, 692, 41.3, 9.74
26658173.66,0.0, 609, 6, 692, 41.3, 9.74
26654536.83,0.0, 606, 3, 698, 41.25, 9.72
26651551.39,0.0, 612, 5, 690, 41.39, 9.77
26650552.49,0.0, 606, 3, 698, 41.3, 9.74
26645563.09,0.0, 610, 5, 692, 41.27, 9.73
26645563.09,0.0, 609, 6, 692, 41.27, 9.73
26637990.51,0.0, 606, 3, 698, 41.27, 9.73
26631967.3,0.0, 612, 5, 690, 41.25, 9.72
26629419.93,0.0, 606, 3, 698, 41.37, 9.77
26629012.21,0.0, 609, 6, 692, 41.29, 9.74
26628081.06,0.0, 612, 5, 690, 41.3, 9.74
26623476.56,0.0, 609, 6, 692, 41.37, 9.77
26623476.56,0.0, 610, 5, 692, 41.37, 9.77
26617117.65,0.0, 606, 3, 698, 41.34, 9.76
26615489.6,0.0, 612, 5, 690, 41.27, 9.73
26611150.77,0.0, 609, 6, 692, 41.34, 9.76
26611150.77,0.0, 610, 5, 692, 41.34, 9.76
26594783.8,0.0, 612, 5, 690, 41.34, 9.76
26593370.07,0.0, 612, 5, 690, 41.37, 9.77
26587262.44,0.0, 609, 6, 692, 41.25, 9.73
26587262.44,0.0, 610, 5, 692, 41.25, 9.73
26583298.39,0.0, 610, 5, 692, 41.3, 9.75
26583298.39,0.0, 609, 6, 692, 41.3, 9.75
26579682.22,0.0, 606, 3, 698, 41.25, 9.73
26575617.42,0.0, 606, 3, 698, 41.3, 9.75
26570769.05,0.0, 610, 5, 692, 41.27, 9.74
26570769.05,0.0, 609, 6, 692, 41.27, 9.74
26563136.6,0.0, 606, 3, 698, 41.27, 9.74
26557259.71,0.0, 612, 5, 690, 41.25, 9.73
26553292.86,0.0, 612, 5, 690, 41.3, 9.75
26548892.36,0.0, 610, 5, 692, 41.16, 9.7
26548892.36,0.0, 609, 6, 692, 41.16, 9.7
26542184.78,0.0, 606, 3, 698, 41.34, 9.77
26540782.54,0.0, 612, 5, 690, 41.27, 9.74
26537611.91,0.0, 610, 5, 692, 41.31, 9.76
26536297.03,0.0, 609, 6, 692, 41.34, 9.77
26536297.03,0.0, 610, 5, 692, 41.34, 9.77
26524248.61,0.0, 612, 5, 690, 41.29, 9.75
26519997.43,0.0, 612, 5, 690, 41.34, 9.77
26519776.04,0.0, 610, 5, 692, 41.15, 9.7
26519776.04,0.0, 609, 6, 692, 41.15, 9.7
26512632.05,0.0, 609, 6, 692, 41.25, 9.74
26512632.05,0.0, 610, 5, 692, 41.25, 9.74
26508587.64,0.0, 610, 5, 692, 41.3, 9.76
26508587.64,0.0, 609, 6, 692, 41.3, 9.76
26500847.26,0.0, 606, 3, 698, 41.3, 9.76
26496139.27,0.0, 609, 6, 692, 41.27, 9.75
26496139.27,0.0, 610, 5, 692, 41.27, 9.75
26489866.5,0.0, 612, 5, 690, 41.15, 9.7
26488447.33,0.0, 606, 3, 698, 41.27, 9.75
26478668.97,0.0, 612, 5, 690, 41.3, 9.76
26474506.18,0.0, 610, 5, 692, 41.16, 9.71
26474506.18,0.0, 609, 6, 692, 41.16, 9.71
26467010.94,0.0, 606, 3, 698, 41.16, 9.71
26466239.53,0.0, 612, 5, 690, 41.27, 9.75
26462983.8,0.0, 610, 5, 692, 41.31, 9.77
26461623.2,0.0, 609, 6, 692, 41.13, 9.7
26461623.2,0.0, 610, 5, 692, 41.13, 9.7
26445471.44,0.0, 610, 5, 692, 41.15, 9.71
26445471.44,0.0, 609, 6, 692, 41.15, 9.71
26444647.81,0.0, 612, 5, 690, 41.16, 9.71
26438165.56,0.0, 610, 5, 692, 41.25, 9.75
26438165.56,0.0, 609, 6, 692, 41.25, 9.75
26437972.33,0.0, 606, 3, 698, 41.15, 9.71
26434041.16,0.0, 610, 5, 692, 41.3, 9.77
26434041.16,0.0, 609, 6, 692, 41.3, 9.77
26432586.64,0.0, 609, 6, 692, 41.12, 9.7
26432586.64,0.0, 610, 5, 692, 41.12, 9.7
26431784.2,0.0, 612, 5, 690, 41.13, 9.7
26430466.37,0.0, 606, 3, 698, 41.25, 9.75
26426241.71,0.0, 606, 3, 698, 41.3, 9.77
26421673.48,0.0, 609, 6, 692, 41.27, 9.76
26421673.48,0.0, 610, 5, 692, 41.27, 9.76
26415648.29,0.0, 612, 5, 690, 41.15, 9.71
26413922.41,0.0, 606, 3, 698, 41.27, 9.76
26408336.17,0.0, 612, 5, 690, 41.25, 9.75
26404209.13,0.0, 612, 5, 690, 41.3, 9.77
26402782.86,0.0, 612, 5, 690, 41.12, 9.7
26400283.11,0.0, 609, 6, 692, 41.16, 9.72
26392728.36,0.0, 606, 3, 698, 41.16, 9.72
26391860.29,0.0, 612, 5, 690, 41.27, 9.76
26387481.53,0.0, 610, 5, 692, 41.13, 9.71
26387481.53,0.0, 609, 6, 692, 41.13, 9.71
26379974.74,0.0, 606, 3, 698, 41.13, 9.71
26378311.14,0.0, 612, 3, 692, 41.48, 9.7
26375327.95,0.0, 612, 5, 690, 41.29, 9.77
26371329.77,0.0, 610, 5, 692, 41.15, 9.72
26371329.77,0.0, 609, 6, 692, 41.15, 9.72
26364347.7,0.0, 606, 3, 698, 41.12, 9.71
26363862.71,0.0, 610, 5, 692, 41.25, 9.76
26363862.71,0.0, 609, 6, 692, 41.25, 9.76
26363771.26,0.0, 606, 3, 698, 41.15, 9.72
26358526.33,0.0, 610, 5, 692, 41.12, 9.71
26358526.33,0.0, 609, 6, 692, 41.12, 9.71
26357728.72,0.0, 612, 5, 690, 41.13, 9.71
26356104.59,0.0, 606, 3, 698, 41.25, 9.76
26348437.58,0.0, 614, 3, 690, 41.48, 9.7
26347371.41,0.0, 609, 6, 692, 41.27, 9.77
26347371.41,0.0, 610, 5, 692, 41.27, 9.77
26345636.19,0.0, 609, 6, 692, 41.09, 9.7
26345636.19,0.0, 610, 5, 692, 41.09, 9.7
26341592.8,0.0, 612, 5, 690, 41.15, 9.72
26339561.58,0.0, 606, 3, 698, 41.27, 9.77
26334119.66,0.0, 612, 5, 690, 41.25, 9.76
26328808.64,0.0, 612, 5, 690, 41.12, 9.71
26326222.89,0.0, 610, 5, 692, 41.16, 9.73
26326222.89,0.0, 609, 6, 692, 41.16, 9.73
26320815.69,0.0, 612, 3, 692, 41.46, 9.7
26317644.56,0.0, 612, 5, 690, 41.27, 9.77
26315937.86,0.0, 612, 5, 690, 41.09, 9.7
26313502.45,0.0, 609, 6, 692, 41.13, 9.72
26313502.45,0.0, 610, 5, 692, 41.13, 9.72
26305936.44,0.0, 606, 3, 698, 41.13, 9.72
26304384.31,0.0, 612, 3, 692, 41.48, 9.71
26297350.77,0.0, 610, 5, 692, 41.15, 9.73
26297350.77,0.0, 609, 6, 692, 41.15, 9.73
26290371.68,0.0, 606, 3, 698, 41.12, 9.72
26289733.21,0.0, 606, 3, 698, 41.15, 9.73
26289723.21,0.0, 610, 5, 692, 41.25, 9.77
26289723.21,0.0, 609, 6, 692, 41.25, 9.77
26287801.71,0.0, 610, 5, 692, 41.07, 9.7
26287801.71,0.0, 609, 6, 692, 41.07, 9.7
26284628.43,0.0, 609, 6, 692, 41.12, 9.72
26284628.43,0.0, 610, 5, 692, 41.12, 9.72
26283835.62,0.0, 612, 5, 690, 41.13, 9.72
26281906.52,0.0, 606, 3, 698, 41.25, 9.77
26277585.62,0.0, 606, 3, 698, 41.09, 9.71
26274597.0,0.0, 614, 3, 690, 41.48, 9.71
26271819.5,0.0, 610, 5, 692, 41.09, 9.71
26271819.5,0.0, 609, 6, 692, 41.09, 9.71
26267699.77,0.0, 612, 5, 690, 41.15, 9.73
26260066.3,0.0, 612, 5, 690, 41.25, 9.77
26258173.51,0.0, 612, 5, 690, 41.07, 9.7
26254996.61,0.0, 612, 5, 690, 41.12, 9.72
26242206.96,0.0, 612, 5, 690, 41.09, 9.71
26239685.67,0.0, 610, 5, 692, 41.13, 9.73
26239685.67,0.0, 609, 6, 692, 41.13, 9.73
26232060.81,0.0, 606, 3, 698, 41.13, 9.73
26230619.65,0.0, 612, 3, 692, 41.48, 9.72
26223534.16,0.0, 610, 5, 692, 41.15, 9.74
26223534.16,0.0, 609, 6, 692, 41.15, 9.74
26222725.08,0.0, 612, 5, 690, 41.16, 9.74
26219876.49,0.0, 606, 3, 698, 41.07, 9.71
26216558.15,0.0, 606, 3, 698, 41.12, 9.73
26215857.92,0.0, 606, 3, 698, 41.15, 9.74
26214147.07,0.0, 609, 6, 692, 41.07, 9.71
26214147.07,0.0, 610, 5, 692, 41.07, 9.71
26210892.65,0.0, 609, 6, 692, 41.12, 9.73
26210892.65,0.0, 610, 5, 692, 41.12, 9.73
26210104.6,0.0, 612, 5, 690, 41.13, 9.73
26206137.98,0.0, 612, 3, 692, 41.42, 9.7
26203853.05,0.0, 606, 3, 698, 41.09, 9.72
26198164.68,0.0, 609, 6, 692, 41.09, 9.72
26198164.68,0.0, 610, 5, 692, 41.09, 9.72
26193968.92,0.0, 612, 5, 690, 41.15, 9.74
26185562.3,0.0, 612, 3, 692, 41.49, 9.73
26184604.44,0.0, 612, 5, 690, 41.07, 9.71
26181346.49,0.0, 612, 5, 690, 41.12, 9.73
26178589.88,0.0, 610, 5, 692, 41.16, 9.75
26176473.97,0.0, 614, 3, 690, 41.42, 9.7
26170858.79,0.0, 606, 3, 698, 41.16, 9.75
26168637.71,0.0, 612, 5, 690, 41.09, 9.72
26166030.93,0.0, 609, 6, 692, 41.13, 9.74
26166030.93,0.0, 610, 5, 692, 41.13, 9.74
26162354.15,0.0, 610, 5, 692, 41.18, 9.76
26158347.58,0.0, 606, 3, 698, 41.13, 9.74
26157016.87,0.0, 612, 3, 692, 41.48, 9.73
26155912.09,0.0, 614, 3, 690, 41.49, 9.73
26149879.67,0.0, 609, 6, 692, 41.15, 9.75
26149879.67,0.0, 610, 5, 692, 41.15, 9.75
26149075.37,0.0, 612, 5, 690, 41.16, 9.75
26148955.4,0.0, 612, 3, 692, 41.4, 9.7
26146305.84,0.0, 606, 3, 698, 41.07, 9.72
26143678.08,0.0, 610, 5, 692, 41.02, 9.7
26143678.08,0.0, 609, 6, 692, 41.02, 9.7
26142906.82,0.0, 606, 3, 698, 41.12, 9.74
26142145.11,0.0, 606, 3, 698, 41.15, 9.75
26140653.94,0.0, 609, 6, 692, 41.07, 9.72
26140653.94,0.0, 610, 5, 692, 41.07, 9.72
26137318.72,0.0, 610, 5, 692, 41.12, 9.74
26137318.72,0.0, 609, 6, 692, 41.12, 9.74
26136535.41,0.0, 612, 5, 690, 41.13, 9.74
26132693.68,0.0, 612, 3, 692, 41.42, 9.71
26130282.42,0.0, 606, 3, 698, 41.09, 9.73
26124671.46,0.0, 610, 5, 692, 41.09, 9.73
26124671.46,0.0, 609, 6, 692, 41.09, 9.73
26120403.12,0.0, 612, 3, 692, 41.39, 9.7
26120399.98,0.0, 612, 5, 690, 41.15, 9.75
26119360.98,0.0, 614, 3, 690, 41.4, 9.7
26114224.6,0.0, 612, 5, 690, 41.02, 9.7
26111196.68,0.0, 612, 5, 690, 41.07, 9.72
26107858.03,0.0, 612, 5, 690, 41.12, 9.74
26105016.55,0.0, 610, 5, 692, 41.16, 9.76
26103115.31,0.0, 614, 3, 690, 41.42, 9.71
26097227.41,0.0, 606, 3, 698, 41.16, 9.76
26095229.85,0.0, 612, 5, 690, 41.09, 9.73
26092537.95,0.0, 609, 6, 692, 41.13, 9.75
26092537.95,0.0, 610, 5, 692, 41.13, 9.75
26084796.48,0.0, 606, 3, 698, 41.13, 9.75
26083575.7,0.0, 612, 3, 692, 41.48, 9.74
26082515.59,0.0, 612, 5, 690, 41.06, 9.72
26076387.03,0.0, 609, 6, 692, 41.15, 9.76
26076387.03,0.0, 610, 5, 692, 41.15, 9.76
26076065.43,0.0, 606, 3, 698, 41.02, 9.71
26075671.36,0.0, 612, 3, 692, 41.4, 9.71
26075587.47,0.0, 612, 5, 690, 41.16, 9.76
26072896.79,0.0, 606, 3, 698, 41.07, 9.73
26070427.25,0.0, 609, 6, 692, 41.02, 9.71
26070427.25,0.0, 610, 5, 692, 41.02, 9.71
26069417.44,0.0, 606, 3, 698, 41.12, 9.75
26068594.51,0.0, 606, 3, 698, 41.15, 9.76
26067322.05,0.0, 609, 6, 692, 41.07, 9.73
26067322.05,0.0, 610, 5, 692, 41.07, 9.73
26063906.39,0.0, 609, 6, 692, 41.12, 9.75
26063906.39,0.0, 610, 5, 692, 41.12, 9.75
26063376.47,0.0, 612, 3, 692, 41.37, 9.7
26063127.78,0.0, 612, 5, 690, 41.13, 9.75
26059410.48,0.0, 612, 3, 692, 41.42, 9.72
26056873.48,0.0, 606, 3, 698, 41.09, 9.74
26054045.84,0.0, 614, 3, 690, 41.48, 9.74
26051339.56,0.0, 610, 5, 692, 41.09, 9.74
26051339.56,0.0, 609, 6, 692, 41.09, 9.74
26047199.1,0.0, 612, 3, 692, 41.39, 9.71
26046992.67,0.0, 612, 5, 690, 41.15, 9.76
26046162.37,0.0, 614, 3, 690, 41.4, 9.71
26041058.84,0.0, 612, 5, 690, 41.02, 9.71
26037949.96,0.0, 612, 5, 690, 41.07, 9.73
26034530.94,0.0, 612, 5, 690, 41.12, 9.75
26031604.97,0.0, 610, 5, 692, 41.16, 9.77
26031604.97,0.0, 609, 6, 692, 41.16, 9.77
26029917.54,0.0, 614, 3, 690, 41.42, 9.72
26023758.13,0.0, 606, 3, 698, 41.16, 9.77
26021983.1,0.0, 612, 5, 690, 41.09, 9.74
26019206.46,0.0, 610, 5, 692, 41.13, 9.76
26019206.46,0.0, 609, 6, 692, 41.13, 9.76
26017724.75,0.0, 614, 3, 690, 41.39, 9.71
26011407.23,0.0, 606, 3, 698, 41.13, 9.76
26010295.88,0.0, 612, 3, 692, 41.48, 9.75
26003055.96,0.0, 609, 6, 692, 41.15, 9.77
26003055.96,0.0, 610, 5, 692, 41.15, 9.77
26002898.3,0.0, 606, 3, 698, 41.02, 9.72
26002548.07,0.0, 612, 3, 692, 41.4, 9.72
26002261.12,0.0, 612, 5, 690, 41.16, 9.77
25999649.06,0.0, 606, 3, 698, 41.07, 9.74
25997337.05,0.0, 609, 6, 692, 41.02, 9.72
25997337.05,0.0, 610, 5, 692, 41.02, 9.72
25996089.73,0.0, 606, 3, 698, 41.12, 9.76
25995205.85,0.0, 606, 3, 698, 41.15, 9.77
25994151.13,0.0, 609, 6, 692, 41.07, 9.74
25994151.13,0.0, 610, 5, 692, 41.07, 9.74
25990655.37,0.0, 609, 6, 692, 41.12, 9.76
25990655.37,0.0, 610, 5, 692, 41.12, 9.76
25990332.27,0.0, 612, 3, 692, 41.37, 9.71
25989881.43,0.0, 612, 5, 690, 41.13, 9.76
25986288.11,0.0, 612, 3, 692, 41.42, 9.73
25983625.94,0.0, 606, 3, 698, 41.09, 9.75
25980851.42,0.0, 614, 3, 690, 41.48, 9.75
25978168.72,0.0, 610, 5, 692, 41.09, 9.75
25978168.72,0.0, 609, 6, 692, 41.09, 9.75
25978031.01,0.0, 612, 3, 692, 41.34, 9.7
25974155.65,0.0, 612, 3, 692, 41.39, 9.72
25973746.73,0.0, 612, 5, 690, 41.15, 9.77
25973124.31,0.0, 614, 3, 690, 41.4, 9.72
25968053.51,0.0, 612, 5, 690, 41.02, 9.72
25964863.99,0.0, 612, 5, 690, 41.07, 9.74
25961928.08,0.0, 614, 3, 690, 41.34, 9.7
25961364.95,0.0, 612, 5, 690, 41.12, 9.76
25960927.1,0.0, 614, 3, 690, 41.37, 9.71
25956880.39,0.0, 614, 3, 690, 41.42, 9.73
25948897.2,0.0, 612, 5, 690, 41.09, 9.75
25946036.19,0.0, 609, 6, 692, 41.13, 9.77
25946036.19,0.0, 610, 5, 692, 41.13, 9.77
25938179.56,0.0, 606, 3, 698, 41.13, 9.77
25937177.13,0.0, 612, 3, 692, 41.48, 9.76
25929891.88,0.0, 606, 3, 698, 41.02, 9.73
25929585.25,0.0, 612, 3, 692, 41.4, 9.73
25926562.39,0.0, 606, 3, 698, 41.07, 9.75
25924407.2,0.0, 609, 6, 692, 41.02, 9.73
25924407.2,0.0, 610, 5, 692, 41.02, 9.73
25922923.41,0.0, 606, 3, 698, 41.12, 9.77
25921140.91,0.0, 609, 6, 692, 41.07, 9.75
25921140.91,0.0, 610, 5, 692, 41.07, 9.75
25917565.39,0.0, 610, 5, 692, 41.12, 9.77
25917565.39,0.0, 609, 6, 692, 41.12, 9.77
25917448.29,0.0, 612, 3, 692, 41.37, 9.72
25916796.09,0.0, 612, 5, 690, 41.13, 9.77
25913326.3,0.0, 612, 3, 692, 41.42, 9.74
25910539.54,0.0, 606, 3, 698, 41.09, 9.76
25907817.87,0.0, 614, 3, 690, 41.48, 9.76
25905225.99,0.0, 612, 3, 692, 41.34, 9.71
25905158.65,0.0, 609, 6, 692, 41.09, 9.76
25905158.65,0.0, 610, 5, 692, 41.09, 9.76
25901272.5,0.0, 612, 3, 692, 41.39, 9.73
25900246.51,0.0, 614, 3, 690, 41.4, 9.73
25895208.32,0.0, 612, 5, 690, 41.02, 9.73
25892445.09,0.0, 612, 3, 692, 41.49, 9.77
25891938.51,0.0, 612, 5, 690, 41.07, 9.75
25889189.02,0.0, 614, 3, 690, 41.34, 9.71
25888359.8,0.0, 612, 5, 690, 41.12, 9.77
25888128.05,0.0, 614, 3, 690, 41.37, 9.72
25884003.59,0.0, 614, 3, 690, 41.42, 9.74
25877798.09,0.0, 612, 3, 692, 41.3, 9.7
25875971.88,0.0, 612, 5, 690, 41.09, 9.76
25871968.2,0.0, 614, 3, 690, 41.39, 9.73
25864219.19,0.0, 612, 3, 692, 41.48, 9.77
25863498.25,0.0, 612, 5, 690, 41.06, 9.75
25857045.91,0.0, 606, 3, 698, 41.02, 9.74
25856782.65,0.0, 612, 3, 692, 41.4, 9.74
25853636.49,0.0, 606, 3, 698, 41.07, 9.76
25851637.45,0.0, 610, 5, 692, 41.02, 9.74
25851637.45,0.0, 609, 6, 692, 41.02, 9.74
25848576.34,0.0, 614, 3, 690, 41.3, 9.7
25848291.12,0.0, 609, 6, 692, 41.07, 9.76
25848291.12,0.0, 610, 5, 692, 41.07, 9.76
25844724.27,0.0, 612, 3, 692, 41.37, 9.73
25840524.78,0.0, 612, 3, 692, 41.42, 9.75
25837614.0,0.0, 606, 3, 698, 41.09, 9.77
25834944.9,0.0, 614, 3, 690, 41.48, 9.77
25833546.44,0.0, 612, 3, 692, 41.31, 9.71
25832580.67,0.0, 612, 3, 692, 41.34, 9.72
25832309.11,0.0, 610, 5, 692, 41.09, 9.77
25832309.11,0.0, 609, 6, 692, 41.09, 9.77
25828549.39,0.0, 612, 3, 692, 41.39, 9.74
25827528.72,0.0, 614, 3, 690, 41.4, 9.74
25822523.02,0.0, 612, 5, 690, 41.02, 9.74
25819173.26,0.0, 612, 5, 690, 41.07, 9.76
25816609.45,0.0, 614, 3, 690, 41.34, 9.72
25815488.74,0.0, 614, 3, 690, 41.37, 9.73
25805292.22,0.0, 612, 3, 692, 41.3, 9.71
25803206.86,0.0, 612, 5, 690, 41.09, 9.77
25799329.8,0.0, 614, 3, 690, 41.39, 9.74
25792952.11,0.0, 612, 3, 692, 41.27, 9.7
25784360.1,0.0, 606, 3, 698, 41.02, 9.75
25784139.99,0.0, 612, 3, 692, 41.4, 9.75
25782145.73,0.0, 610, 5, 692, 40.97, 9.73
25780871.11,0.0, 606, 3, 698, 41.07, 9.77
25779027.51,0.0, 609, 6, 692, 41.02, 9.75
25779027.51,0.0, 610, 5, 692, 41.02, 9.75
25776154.87,0.0, 614, 3, 690, 41.3, 9.71
25775601.49,0.0, 609, 6, 692, 41.07, 9.77
25775601.49,0.0, 610, 5, 692, 41.07, 9.77
25772159.93,0.0, 612, 3, 692, 41.37, 9.74
25767883.28,0.0, 612, 3, 692, 41.42, 9.76
25763833.38,0.0, 614, 3, 690, 41.27, 9.7
25760094.78,0.0, 612, 3, 692, 41.34, 9.73
25755986.05,0.0, 612, 3, 692, 41.39, 9.75
25754970.66,0.0, 614, 3, 690, 41.4, 9.75
25749997.33,0.0, 612, 5, 690, 41.02, 9.75
25746567.96,0.0, 612, 5, 690, 41.07, 9.77
25744189.09,0.0, 614, 3, 690, 41.34, 9.73
25743008.91,0.0, 614, 3, 690, 41.37, 9.74
25738729.97,0.0, 614, 3, 690, 41.42, 9.76
25736516.98,0.0, 612, 3, 692, 41.25, 9.7
25732945.34,0.0, 612, 3, 692, 41.3, 9.72
25726850.96,0.0, 614, 3, 690, 41.39, 9.75
25720683.96,0.0, 612, 3, 692, 41.27, 9.71
25711834.19,0.0, 606, 3, 698, 41.02, 9.76
25711657.0,0.0, 612, 3, 692, 41.4, 9.76
25707466.77,0.0, 614, 3, 690, 41.25, 9.7
25706577.12,0.0, 609, 6, 692, 41.02, 9.76
25706577.12,0.0, 610, 5, 692, 41.02, 9.76
25704796.0,0.0, 612, 3, 692, 41.29, 9.72
25703892.19,0.0, 614, 3, 690, 41.3, 9.72
25699755.0,0.0, 612, 3, 692, 41.37, 9.75
25695401.54,0.0, 612, 3, 692, 41.42, 9.77
25691649.34,0.0, 614, 3, 690, 41.27, 9.71
25687768.06,0.0, 612, 3, 692, 41.34, 9.74
25683582.2,0.0, 612, 3, 692, 41.39, 9.76
25682572.06,0.0, 614, 3, 690, 41.4, 9.76
25677630.98,0.0, 612, 5, 690, 41.02, 9.76
25671927.68,0.0, 614, 3, 690, 41.34, 9.74
25670688.3,0.0, 614, 3, 690, 41.37, 9.75
25666332.61,0.0, 614, 3, 690, 41.42, 9.77
25666314.93,0.0, 614, 1, 692, 41.48, 9.7
25664406.96,0.0, 612, 3, 692, 41.25, 9.71
25660757.18,0.0, 612, 3, 692, 41.3, 9.73
25648574.29,0.0, 612, 3, 692, 41.27, 9.72
25639467.91,0.0, 606, 3, 698, 41.02, 9.77
25639333.41,0.0, 612, 3, 692, 41.4, 9.77
25635440.65,0.0, 614, 3, 690, 41.25, 9.71
25634286.02,0.0, 609, 6, 692, 41.02, 9.77
25634286.02,0.0, 610, 5, 692, 41.02, 9.77
25631788.03,0.0, 614, 3, 690, 41.3, 9.73
25627509.23,0.0, 612, 3, 692, 41.37, 9.76
25623843.22,0.0, 609, 2, 696, 41.42, 9.7
25623843.22,0.0, 610, 1, 696, 41.42, 9.7
25619623.57,0.0, 614, 3, 690, 41.27, 9.72
25615600.23,0.0, 612, 3, 692, 41.34, 9.75
25610332.67,0.0, 614, 3, 690, 41.4, 9.77
25605423.71,0.0, 612, 5, 690, 41.02, 9.77
25602454.59,0.0, 604, 1, 702, 41.48, 9.72
25599824.96,0.0, 614, 3, 690, 41.34, 9.75
25598592.54,0.0, 603, 1, 703, 41.48, 9.72
25598526.63,0.0, 614, 3, 690, 41.37, 9.76
25594383.52,0.0, 614, 1, 692, 41.48, 9.71
25584402.54,0.0, 609, 1, 697, 41.4, 9.7
25576622.82,0.0, 612, 3, 692, 41.27, 9.73
25567905.68,0.0, 609, 2, 696, 41.4, 9.7
25567905.68,0.0, 610, 1, 696, 41.4, 9.7
25555422.34,0.0, 612, 3, 692, 41.37, 9.77
25551933.07,0.0, 609, 2, 696, 41.42, 9.71
25551933.07,0.0, 610, 1, 696, 41.42, 9.71
25550869.86,0.0, 608, 1, 698, 41.42, 9.71
25547755.79,0.0, 614, 3, 690, 41.27, 9.73
25543700.74,0.0, 606, 1, 700, 41.42, 9.71
25543591.03,0.0, 612, 3, 692, 41.34, 9.76
25539975.08,0.0, 610, 1, 696, 41.39, 9.7
25530688.05,0.0, 604, 1, 702, 41.48, 9.73
25527880.64,0.0, 614, 3, 690, 41.34, 9.76
25526860.23,0.0, 603, 1, 703, 41.48, 9.73
25522609.89,0.0, 614, 1, 692, 41.48, 9.72
25520661.02,0.0, 612, 3, 692, 41.25, 9.73
25516855.99,0.0, 612, 3, 692, 41.3, 9.75
25504829.29,0.0, 612, 3, 692, 41.27, 9.74
25500628.68,0.0, 609, 1, 697, 41.37, 9.7
25498789.02,0.0, 614, 1, 692, 41.42, 9.7
25496152.51,0.0, 610, 1, 696, 41.4, 9.71
25496152.51,0.0, 609, 2, 696, 41.4, 9.71
25495094.0,0.0, 608, 1, 698, 41.4, 9.71
25491861.91,0.0, 614, 3, 690, 41.25, 9.73
25488054.19,0.0, 614, 3, 690, 41.3, 9.75
25487944.35,0.0, 606, 1, 700, 41.4, 9.71
25484190.13,0.0, 610, 1, 696, 41.37, 9.7
25484190.13,0.0, 609, 2, 696, 41.37, 9.7
25483830.23,0.0, 612, 3, 692, 41.16, 9.7
25480180.91,0.0, 609, 2, 696, 41.42, 9.72
25480180.91,0.0, 610, 1, 696, 41.42, 9.72
25479158.54,0.0, 608, 1, 698, 41.42, 9.72
25476045.75,0.0, 614, 3, 690, 41.27, 9.74
25473002.32,0.0, 612, 3, 692, 41.31, 9.76
25472055.63,0.0, 606, 1, 700, 41.42, 9.72
25471740.19,0.0, 612, 3, 692, 41.34, 9.77
25468300.3,0.0, 610, 1, 696, 41.39, 9.71
25460104.2,0.0, 606, 1, 700, 41.39, 9.71
25459079.0,0.0, 604, 1, 702, 41.48, 9.74
25455881.97,0.0, 612, 3, 692, 41.15, 9.7
25455285.3,0.0, 603, 1, 703, 41.48, 9.74
25455086.67,0.0, 614, 3, 690, 41.16, 9.7
25450993.77,0.0, 614, 1, 692, 41.48, 9.73
25445142.42,0.0, 612, 3, 692, 41.3, 9.76
25443149.9,0.0, 614, 1, 692, 41.4, 9.7
25435320.55,0.0, 604, 1, 702, 41.42, 9.72
25433193.44,0.0, 612, 3, 692, 41.27, 9.75
25431489.61,0.0, 603, 1, 703, 41.42, 9.72
25429059.87,0.0, 609, 1, 697, 41.37, 9.71
25427327.11,0.0, 614, 1, 692, 41.42, 9.71
25427172.31,0.0, 614, 3, 690, 41.15, 9.7
25424970.05,0.0, 609, 1, 697, 41.42, 9.73
25424556.98,0.0, 609, 2, 696, 41.4, 9.72
25424556.98,0.0, 610, 1, 696, 41.4, 9.72
25423539.21,0.0, 608, 1, 698, 41.4, 9.72
25416455.63,0.0, 606, 1, 700, 41.4, 9.72
25416424.0,0.0, 614, 3, 690, 41.3, 9.76
25415368.3,0.0, 614, 1, 692, 41.39, 9.7
25412671.91,0.0, 609, 2, 696, 41.37, 9.71
25412671.91,0.0, 610, 1, 696, 41.37, 9.71
25411620.42,0.0, 608, 1, 698, 41.37, 9.71
25408586.46,0.0, 610, 1, 696, 41.42, 9.73
25408586.46,0.0, 609, 2, 696, 41.42, 9.73
25407604.77,0.0, 608, 1, 698, 41.42, 9.73
25404499.9,0.0, 606, 1, 700, 41.37, 9.71
25404493.18,0.0, 614, 3, 690, 41.27, 9.75
25400703.08,0.0, 610, 1, 696, 41.34, 9.7
25400567.85,0.0, 606, 1, 700, 41.42, 9.73
25400062.05,0.0, 612, 3, 692, 41.13, 9.7
25396782.98,0.0, 609, 2, 696, 41.39, 9.72
25392276.23,0.0, 612, 2, 693, 41.37, 9.7
25387627.19,0.0, 604, 1, 702, 41.48, 9.75
25384558.25,0.0, 612, 3, 692, 41.15, 9.71
25383867.49,0.0, 603, 1, 703, 41.48, 9.75
25379811.61,0.0, 604, 1, 702, 41.4, 9.72
25379534.91,0.0, 614, 1, 692, 41.48, 9.74
25377545.46,0.0, 612, 3, 692, 41.25, 9.75
25375991.0,0.0, 603, 1, 703, 41.4, 9.72
25373586.52,0.0, 612, 3, 692, 41.3, 9.77
25372190.36,0.0, 612, 3, 692, 41.12, 9.7
25371843.92,0.0, 614, 1, 692, 41.4, 9.71
25369463.79,0.0, 609, 1, 697, 41.4, 9.73
25364022.5,0.0, 604, 1, 702, 41.42, 9.73
25361715.0,0.0, 612, 3, 692, 41.27, 9.76
25360225.56,0.0, 603, 1, 703, 41.42, 9.73
25359880.9,0.0, 614, 1, 692, 41.37, 9.7
25357648.31,0.0, 609, 1, 697, 41.37, 9.72
25356021.95,0.0, 614, 1, 692, 41.42, 9.72
25355931.52,0.0, 614, 3, 690, 41.15, 9.71
25353482.56,0.0, 609, 1, 697, 41.42, 9.74
25353118.83,0.0, 609, 2, 696, 41.4, 9.73
25353118.83,0.0, 610, 1, 696, 41.4, 9.73
25352141.64,0.0, 608, 1, 698, 41.4, 9.73
25348912.74,0.0, 614, 3, 690, 41.25, 9.75
25348279.56,0.0, 603, 1, 703, 41.39, 9.72
25345123.9,0.0, 606, 1, 700, 41.4, 9.73
25344951.26,0.0, 614, 3, 690, 41.3, 9.77
25343582.21,0.0, 614, 3, 690, 41.12, 9.7
25341748.55,0.0, 609, 1, 697, 41.39, 9.73
25341310.8,0.0, 609, 2, 696, 41.37, 9.72
25341310.8,0.0, 610, 1, 696, 41.37, 9.72
25340299.91,0.0, 608, 1, 698, 41.37, 9.72
25337149.47,0.0, 610, 1, 696, 41.42, 9.74
25337149.47,0.0, 609, 2, 696, 41.42, 9.74
25336208.3,0.0, 608, 1, 698, 41.42, 9.74
25333245.23,0.0, 606, 1, 700, 41.37, 9.72
25333097.82,0.0, 614, 3, 690, 41.27, 9.76
25329419.14,0.0, 610, 1, 696, 41.34, 9.71
25329237.14,0.0, 606, 1, 700, 41.42, 9.74
25328894.73,0.0, 612, 3, 692, 41.13, 9.71
25328374.65,0.0, 608, 1, 698, 41.34, 9.71
25325422.86,0.0, 609, 2, 696, 41.39, 9.73
25321283.18,0.0, 606, 1, 700, 41.34, 9.71
25316332.35,0.0, 604, 1, 702, 41.48, 9.76
25313390.93,0.0, 612, 3, 692, 41.15, 9.72
25312606.52,0.0, 603, 1, 703, 41.48, 9.76
25308669.16,0.0, 604, 1, 702, 41.4, 9.73
25308233.04,0.0, 614, 1, 692, 41.48, 9.75
25304882.47,0.0, 603, 1, 703, 41.4, 9.73
25301101.12,0.0, 612, 3, 692, 41.12, 9.71
25300694.35,0.0, 614, 1, 692, 41.4, 9.72
25300335.51,0.0, 614, 3, 690, 41.13, 9.71
25296737.46,0.0, 604, 1, 702, 41.37, 9.72
25292932.3,0.0, 603, 1, 703, 41.37, 9.72
25292880.92,0.0, 604, 1, 702, 41.42, 9.74
25290393.7,0.0, 612, 3, 692, 41.27, 9.77
25289117.86,0.0, 603, 1, 703, 41.42, 9.74
25288808.28,0.0, 614, 1, 692, 41.37, 9.71
25286393.73,0.0, 609, 1, 697, 41.37, 9.73
25284873.28,0.0, 614, 1, 692, 41.42, 9.73
25282152.38,0.0, 609, 1, 697, 41.42, 9.75
25281837.78,0.0, 609, 2, 696, 41.4, 9.74
25281837.78,0.0, 610, 1, 696, 41.4, 9.74
25280901.03,0.0, 608, 1, 698, 41.4, 9.74
25277248.68,0.0, 603, 1, 703, 41.39, 9.73
25276839.05,0.0, 614, 1, 692, 41.34, 9.7
25273948.88,0.0, 606, 1, 700, 41.4, 9.74
25272748.7,0.0, 604, 1, 702, 41.49, 9.77
25272575.62,0.0, 614, 3, 690, 41.12, 9.71
25270106.55,0.0, 609, 2, 696, 41.37, 9.73
25270106.55,0.0, 610, 1, 696, 41.37, 9.73
25269136.1,0.0, 608, 1, 698, 41.37, 9.73
25265869.66,0.0, 609, 2, 696, 41.42, 9.75
25265869.66,0.0, 610, 1, 696, 41.42, 9.75
25264968.86,0.0, 608, 1, 698, 41.42, 9.75
25262147.03,0.0, 606, 1, 700, 41.37, 9.73
25260221.17,0.0, 614, 3, 690, 41.09, 9.7
25258291.82,0.0, 609, 2, 696, 41.34, 9.72
25258291.82,0.0, 610, 1, 696, 41.34, 9.72
25258063.23,0.0, 606, 1, 700, 41.42, 9.75
25257883.46,0.0, 612, 3, 692, 41.13, 9.72
25257287.78,0.0, 608, 1, 698, 41.34, 9.72
25254219.69,0.0, 609, 2, 696, 41.39, 9.74
25253285.13,0.0, 608, 1, 698, 41.39, 9.74
25253069.99,0.0, 614, 1, 692, 41.46, 9.75
25250261.91,0.0, 606, 1, 700, 41.34, 9.72
25246393.73,0.0, 610, 1, 696, 41.31, 9.71
25245194.22,0.0, 604, 1, 702, 41.48, 9.77
25242379.74,0.0, 612, 3, 692, 41.15, 9.73
25241598.49,0.0, 614, 3, 690, 41.16, 9.73
25241502.15,0.0, 603, 1, 703, 41.48, 9.77
25237682.84,0.0, 604, 1, 702, 41.4, 9.74
25237087.89,0.0, 614, 1, 692, 41.48, 9.76
25235058.18,0.0, 612, 3, 692, 41.25, 9.77
25233929.95,0.0, 603, 1, 703, 41.4, 9.74
25233213.76,0.0, 612, 3, 692, 41.07, 9.7
25230167.78,0.0, 612, 3, 692, 41.12, 9.72
25229700.93,0.0, 614, 1, 692, 41.4, 9.73
25225827.87,0.0, 604, 1, 702, 41.37, 9.73
25222056.52,0.0, 603, 1, 703, 41.37, 9.73
25221895.55,0.0, 604, 1, 702, 41.42, 9.75
25218166.25,0.0, 603, 1, 703, 41.42, 9.75
25217891.57,0.0, 614, 1, 692, 41.37, 9.72
25217872.71,0.0, 612, 3, 692, 41.09, 9.71
25213918.25,0.0, 614, 3, 690, 41.15, 9.73
25213889.97,0.0, 604, 1, 702, 41.34, 9.72
25213880.83,0.0, 614, 1, 692, 41.42, 9.74
25210713.58,0.0, 609, 2, 696, 41.4, 9.75
25210713.58,0.0, 610, 1, 696, 41.4, 9.75
25210680.92,0.0, 606, 1, 700, 41.3, 9.71
25210100.22,0.0, 603, 1, 703, 41.34, 9.72
25209817.1,0.0, 608, 1, 698, 41.4, 9.75
25206785.69,0.0, 609, 2, 696, 41.27, 9.7
25206785.69,0.0, 610, 1, 696, 41.27, 9.7
25206591.01,0.0, 614, 3, 690, 41.25, 9.77
25206373.64,0.0, 603, 1, 703, 41.39, 9.74
25205999.17,0.0, 614, 1, 692, 41.34, 9.71
25204774.15,0.0, 614, 3, 690, 41.07, 9.7
25202930.32,0.0, 606, 1, 700, 41.4, 9.75
25199160.5,0.0, 612, 3, 692, 41.16, 9.74
25199058.89,0.0, 610, 1, 696, 41.37, 9.74
25199058.89,0.0, 609, 2, 696, 41.37, 9.74
25198128.74,0.0, 608, 1, 698, 41.37, 9.74
25194746.77,0.0, 609, 2, 696, 41.42, 9.76
25194746.77,0.0, 610, 1, 696, 41.42, 9.76
25193886.18,0.0, 608, 1, 698, 41.42, 9.76
25191205.03,0.0, 606, 1, 700, 41.37, 9.74
25189448.13,0.0, 614, 3, 690, 41.09, 9.71
25187320.84,0.0, 609, 2, 696, 41.34, 9.73
25187320.84,0.0, 610, 1, 696, 41.34, 9.73
25187045.85,0.0, 606, 1, 700, 41.42, 9.76
25187027.99,0.0, 612, 3, 692, 41.13, 9.73
25186357.1,0.0, 608, 1, 698, 41.34, 9.73
25183173.18,0.0, 610, 1, 696, 41.39, 9.75
25182585.15,0.0, 604, 1, 702, 41.38, 9.74
25182278.85,0.0, 608, 1, 698, 41.39, 9.75
25179396.6,0.0, 606, 1, 700, 41.34, 9.73
25179311.59,0.0, 614, 1, 692, 41.3, 9.7
25171524.43,0.0, 612, 3, 692, 41.15, 9.74
25170554.11,0.0, 603, 1, 703, 41.48, 9.78
25166852.38,0.0, 604, 1, 702, 41.4, 9.75
25166099.21,0.0, 614, 1, 692, 41.48, 9.77
25163133.17,0.0, 603, 1, 703, 41.4, 9.75
25162513.92,0.0, 612, 3, 692, 41.07, 9.71
25159390.06,0.0, 612, 3, 692, 41.12, 9.73
25158863.4,0.0, 614, 1, 692, 41.4, 9.74
25155073.91,0.0, 604, 1, 702, 41.37, 9.74
25151336.23,0.0, 603, 1, 703, 41.37, 9.74
25151066.12,0.0, 604, 1, 702, 41.42, 9.76
25147370.47,0.0, 603, 1, 703, 41.42, 9.76
25147172.7,0.0, 612, 3, 692, 41.09, 9.72
25147130.49,0.0, 614, 1, 692, 41.37, 9.73
25143212.62,0.0, 604, 1, 702, 41.34, 9.73
25143044.35,0.0, 614, 1, 692, 41.42, 9.75
25139969.87,0.0, 606, 1, 700, 41.3, 9.72
25139745.96,0.0, 609, 2, 696, 41.4, 9.76
25139745.96,0.0, 610, 1, 696, 41.4, 9.76
25139456.54,0.0, 603, 1, 703, 41.34, 9.73
25138889.59,0.0, 608, 1, 698, 41.4, 9.76
25136045.96,0.0, 609, 2, 696, 41.27, 9.71
25136045.96,0.0, 610, 1, 696, 41.27, 9.71
25135654.17,0.0, 603, 1, 703, 41.39, 9.75
